student_id,exam1,exam2,exam3,exam4,exam5,difficulty_level,exam6
1,47,30,4,47,79,E,49
1,69,35,86,89,82,E,83
1,23,75,4,8,12,E,27
1,69,84,53,23,56,E,57
1,12,4,79,14,1,E,26
1,71,74,82,35,78,E,73
1,72,40,70,3,36,E,44
1,99,52,14,78,41,E,60
1,82,91,30,74,31,E,62
1,32,95,31,79,2,E,47
2,56,4,70,94,45,E,60
2,64,29,40,43,8,E,36
2,45,58,69,50,85,E,72
2,91,47,4,72,52,E,56
2,73,71,34,25,30,E,46
2,2,70,67,21,20,E,43
2,73,62,39,55,88,E,72
2,3,77,21,91,41,E,57
2,71,46,68,35,53,E,56
2,96,66,20,40,90,E,68
3,80,3,27,49,21,E,39
3,7,2,61,39,73,E,50
3,81,35,86,41,30,E,57
3,40,53,18,29,23,E,36
3,59,86,43,47,63,E,63
3,83,35,9,88,3,E,42
3,89,40,30,78,62,E,66
3,58,98,11,2,31,E,39
3,99,65,77,98,87,E,93
3,63,29,55,37,26,E,43
4,70,20,91,35,88,E,68
4,21,75,51,88,78,E,73
4,25,9,87,63,14,E,47
4,90,59,13,50,24,E,43
4,54,9,4,94,88,E,63
4,55,11,4,63,62,E,47
4,12,56,95,57,35,E,59
4,18,82,21,67,85,E,65
4,98,34,40,74,29,E,57
4,79,37,97,66,33,E,63
5,1,21,23,85,70,E,53
5,68,34,91,100,63,E,77
5,77,19,92,32,70,E,64
5,91,52,55,33,90,E,68
5,4,72,77,45,4,E,47
5,40,39,70,23,73,E,58
5,94,53,80,89,8,E,63
5,95,53,38,56,73,E,67
5,78,13,1,38,48,E,41
5,34,48,19,62,18,E,41
6,55,19,38,26,27,E,38
6,100,22,47,27,85,E,60
6,19,6,76,44,86,E,59
6,59,74,16,75,30,E,52
6,54,99,78,31,82,E,73
6,36,60,13,4,2,E,23
6,23,39,61,63,79,E,64
6,31,72,83,77,21,E,61
6,76,75,60,41,88,E,74
6,49,87,69,71,66,E,75
7,2,22,64,91,10,E,45
7,61,19,87,19,81,E,62
7,90,17,4,48,21,E,34
7,97,87,100,55,42,E,75
7,12,3,68,62,64,E,58
7,59,61,7,74,34,E,49
7,70,26,6,92,32,E,52
7,37,67,56,100,92,E,83
7,92,80,77,58,46,E,71
7,84,48,23,97,65,E,71
8,57,78,73,44,70,E,68
8,88,40,80,90,75,E,79
8,96,84,90,28,73,E,74
8,68,41,88,11,41,E,52
8,5,17,37,31,17,E,31
8,50,56,41,85,55,E,65
8,2,98,67,88,89,E,84
8,68,100,19,6,22,E,39
8,52,48,79,82,36,E,64
8,22,86,13,97,77,E,71
9,31,46,23,89,51,E,57
9,80,91,21,27,25,E,47
9,28,47,64,73,71,E,69
9,66,15,11,11,80,E,44
9,93,93,52,65,66,E,73
9,63,61,49,45,88,E,69
9,11,34,75,40,49,E,53
9,50,92,78,57,75,E,76
9,53,3,48,33,51,E,47
9,54,80,3,75,7,E,47
10,31,74,77,62,39,E,62
10,28,21,72,56,9,E,40
10,32,78,16,94,25,E,52
10,6,64,7,46,61,E,44
10,63,5,97,60,24,E,55
10,79,78,27,80,90,E,80
10,60,19,75,76,77,E,72
10,49,9,24,87,7,E,39
10,18,17,6,98,72,E,55
10,36,2,68,16,90,E,53
11,80,70,63,75,30,E,64
11,38,79,34,80,17,E,53
11,60,5,55,54,59,E,53
11,76,63,10,58,20,E,45
11,51,100,73,89,40,E,73
11,86,32,71,77,47,E,64
11,42,26,30,41,35,E,39
11,7,24,42,66,41,E,45
11,89,33,85,30,24,E,52
11,34,67,62,90,3,E,54
12,43,16,35,80,87,E,64
12,41,43,23,99,66,E,67
12,45,96,81,100,33,E,74
12,91,92,47,39,35,E,60
12,84,52,72,14,30,E,50
12,27,28,95,94,53,E,70
12,57,91,51,4,79,E,57
12,45,25,10,66,94,E,62
12,8,66,40,74,5,E,42
12,80,8,8,77,6,E,38
13,49,92,73,49,21,E,55
13,3,74,20,50,26,E,42
13,87,58,98,44,10,E,56
13,43,54,67,86,59,E,69
13,24,64,79,5,47,E,49
13,10,12,75,93,74,E,68
13,21,13,54,72,71,E,61
13,54,72,58,62,48,E,62
13,18,21,31,1,9,E,20
13,66,48,61,59,40,E,59
14,65,80,7,42,49,E,48
14,27,55,32,45,2,E,34
14,95,10,55,14,67,E,52
14,54,36,25,54,44,E,49
14,11,10,55,27,51,E,39
14,97,88,52,9,59,E,61
14,79,89,89,29,35,E,63
14,84,58,75,75,68,E,76
14,64,54,2,73,76,E,62
14,77,67,96,22,79,E,70
15,61,54,65,99,12,E,63
15,31,55,38,48,46,E,52
15,69,95,68,47,77,E,76
15,54,8,16,66,1,E,34
15,75,23,62,53,84,E,68
15,92,54,2,87,78,E,67
15,17,73,100,60,40,E,67
15,25,20,26,66,42,E,43
15,69,74,29,5,3,E,33
15,24,66,63,28,18,E,45
16,8,4,49,44,31,E,36
16,22,44,59,83,69,E,65
16,59,70,47,24,53,E,52
16,80,21,5,56,33,E,40
16,47,47,40,41,75,E,56
16,56,8,83,16,34,E,41
16,90,8,35,69,78,E,65
16,34,27,69,9,73,E,50
16,2,5,63,79,5,E,39
16,8,15,71,47,30,E,42
17,91,35,7,23,62,E,43
17,17,20,42,89,63,E,59
17,10,98,39,83,47,E,62
17,80,83,68,41,24,E,57
17,92,58,36,71,54,E,62
17,4,1,94,70,99,E,70
17,26,17,80,32,33,E,46
17,47,24,8,54,92,E,54
17,94,27,32,60,27,E,50
17,14,56,83,66,95,E,77
18,43,10,74,50,90,E,65
18,26,85,37,14,21,E,39
18,64,1,13,2,88,E,43
18,9,46,39,40,68,E,51
18,7,13,24,91,54,E,52
18,88,42,40,50,78,E,64
18,30,46,74,17,19,E,40
18,12,80,83,60,22,E,58
18,92,3,93,83,48,E,71
18,93,71,85,22,5,E,50
19,69,91,21,57,87,E,69
19,46,38,2,34,94,E,51
19,87,32,12,8,58,E,42
19,15,68,56,41,18,E,46
19,58,55,97,77,96,E,87
19,1,82,94,60,16,E,56
19,56,1,37,68,41,E,46
19,40,100,48,81,57,E,69
19,56,82,79,54,86,E,79
19,47,77,32,62,93,E,69
20,51,59,60,86,92,E,81
20,14,70,43,53,28,E,47
20,94,55,82,31,24,E,54
20,71,100,17,54,39,E,58
20,12,74,92,35,36,E,54
20,47,6,44,53,5,E,35
20,86,72,53,72,6,E,55
20,68,1,16,29,46,E,38
20,44,94,15,77,71,E,65
20,81,4,78,73,15,E,51
21,69,18,15,10,45,E,36
21,84,70,56,88,82,E,81
21,15,46,57,73,4,E,46
21,64,72,19,53,76,E,62
21,43,79,7,72,74,E,61
21,64,63,51,22,65,E,57
21,86,16,22,59,77,E,57
21,48,79,26,43,58,E,54
21,66,2,36,74,18,E,45
21,84,43,96,37,3,E,48
22,14,8,88,17,71,E,50
22,57,72,29,99,49,E,68
22,96,26,66,63,24,E,57
22,19,49,84,38,32,E,50
22,24,65,92,12,52,E,55
22,41,67,67,29,87,E,65
22,2,60,29,35,56,E,44
22,67,48,99,97,88,E,89
22,43,74,95,85,83,E,86
22,8,44,90,65,59,E,63
23,57,66,45,90,65,E,71
23,92,49,19,84,5,E,46
23,41,89,63,90,45,E,72
23,2,52,77,7,2,E,31
23,10,40,61,28,73,E,52
23,43,51,59,77,95,E,77
23,13,76,7,23,11,E,27
23,4,63,62,97,32,E,62
23,56,61,58,69,92,E,79
23,8,11,79,61,100,E,70
24,36,45,99,53,46,E,64
24,63,49,54,20,16,E,38
24,44,38,13,4,78,E,43
24,9,28,88,96,25,E,60
24,47,59,63,43,42,E,55
24,6,64,42,18,17,E,34
24,50,20,35,26,91,E,55
24,51,66,95,92,57,E,81
24,72,32,75,23,57,E,54
24,95,52,8,75,10,E,46
25,41,56,79,38,13,E,50
25,78,98,77,27,57,E,67
25,43,13,47,1,17,E,24
25,59,13,78,5,47,E,46
25,49,3,16,91,100,E,67
25,9,59,17,16,2,E,24
25,67,4,49,42,62,E,53
25,44,34,75,84,18,E,55
25,68,31,34,50,88,E,62
25,67,66,22,91,54,E,65
26,82,67,25,65,2,E,44
26,35,52,87,96,13,E,62
26,32,43,19,47,15,E,33
26,34,7,79,66,38,E,52
26,58,33,32,99,4,E,51
26,30,68,82,4,92,E,66
26,79,74,69,51,44,E,62
26,52,32,63,27,58,E,54
26,76,64,32,64,21,E,51
26,46,46,68,70,79,E,71
27,27,60,11,59,41,E,46
27,25,65,40,45,40,E,48
27,44,51,57,31,4,E,36
27,33,13,39,98,69,E,62
27,6,14,57,29,90,E,52
27,42,81,19,84,2,E,46
27,24,97,21,87,63,E,66
27,16,67,27,41,62,E,54
27,49,37,57,71,31,E,56
27,88,21,23,88,50,E,59
28,70,88,71,38,40,E,60
28,90,49,11,16,27,E,37
28,1,86,63,79,90,E,78
28,85,50,54,84,45,E,67
28,6,42,88,36,57,E,58
28,73,10,90,62,78,E,73
28,96,74,26,2,47,E,44
28,62,45,73,9,22,E,42
28,31,57,5,70,18,E,40
28,97,96,41,72,68,E,75
29,12,62,35,82,38,E,53
29,20,59,20,50,99,E,64
29,81,96,12,64,14,E,53
29,3,45,3,93,43,E,47
29,11,72,93,94,16,E,66
29,87,79,7,14,65,E,51
29,62,30,45,64,64,E,59
29,74,33,22,74,50,E,54
29,15,91,38,84,40,E,61
29,30,13,61,32,34,E,40
30,65,39,70,17,97,E,65
30,37,37,8,4,70,E,39
30,97,2,49,57,71,E,61
30,40,21,33,55,87,E,58
30,6,45,39,76,41,E,54
30,4,2,92,74,46,E,57
30,93,75,6,98,45,E,64
30,76,13,56,77,56,E,61
30,7,55,60,100,62,E,70
30,59,36,39,66,1,E,42
31,20,86,85,33,47,E,60
31,16,97,54,30,40,E,53
31,79,47,61,72,83,E,77
31,74,93,84,76,3,E,65
31,67,13,34,40,93,E,59
31,47,70,36,1,63,E,49
31,12,10,90,44,86,E,64
31,21,20,20,29,10,E,26
31,77,71,69,68,60,E,74
31,81,25,87,63,85,E,76
32,73,67,64,43,29,E,53
32,96,60,5,88,32,E,58
32,15,24,92,69,23,E,54
32,50,48,48,29,28,E,42
32,35,97,88,10,17,E,51
32,99,79,24,1,69,E,52
32,45,69,20,11,90,E,52
32,80,33,53,68,96,E,77
32,18,85,75,98,16,E,63
32,23,72,89,88,46,E,72
33,51,6,54,7,48,E,37
33,24,52,93,39,22,E,53
33,94,99,52,26,38,E,57
33,25,77,95,21,6,E,45
33,7,14,40,37,3,E,24
33,79,85,17,50,68,E,64
33,33,77,48,60,95,E,72
33,92,79,18,25,93,E,66
33,79,56,32,51,95,E,71
33,21,93,33,69,63,E,63
34,97,13,59,72,9,E,52
34,79,22,37,78,80,E,70
34,40,95,24,39,23,E,43
34,87,43,51,51,46,E,58
34,72,36,40,33,6,E,34
34,83,31,31,19,50,E,43
34,65,18,56,9,86,E,52
34,85,18,22,61,11,E,38
34,84,20,12,41,34,E,38
34,17,84,6,40,64,E,52
35,44,99,75,2,38,E,51
35,44,64,29,36,43,E,45
35,98,76,13,63,28,E,55
35,34,34,6,81,79,E,57
35,76,10,56,92,96,E,77
35,38,1,2,30,71,E,40
35,44,85,78,78,98,E,86
35,72,2,11,66,98,E,62
35,90,44,31,22,34,E,45
35,85,50,90,24,18,E,52
36,61,99,77,99,5,E,67
36,17,63,100,99,33,E,69
36,97,94,7,13,85,E,58
36,33,17,23,97,79,E,64
36,8,39,9,59,24,E,34
36,66,3,77,39,79,E,61
36,31,94,30,42,48,E,51
36,35,69,41,2,35,E,39
36,60,64,67,72,52,E,67
36,55,36,26,85,43,E,57
37,18,93,68,54,81,E,73
37,21,67,57,83,31,E,59
37,42,86,71,57,50,E,66
37,91,20,50,95,90,E,78
37,43,91,41,65,95,E,78
37,25,27,53,6,42,E,37
37,28,30,20,34,19,E,29
37,5,31,67,79,39,E,55
37,15,25,4,82,24,E,39
37,95,40,73,63,65,E,71
38,26,92,97,23,27,E,55
38,86,58,4,65,20,E,45
38,29,27,78,65,8,E,48
38,2,16,72,11,20,E,29
38,43,95,78,41,24,E,55
38,95,83,70,32,6,E,52
38,25,4,32,39,63,E,45
38,7,32,60,60,11,E,41
38,23,22,69,63,43,E,55
38,62,38,47,77,23,E,52
39,51,4,67,16,9,E,31
39,67,2,6,33,18,E,29
39,75,89,77,88,80,E,88
39,69,97,2,12,60,E,47
39,23,23,60,79,72,E,66
39,22,29,14,30,81,E,44
39,61,98,62,39,42,E,63
39,52,29,36,29,37,E,38
39,4,11,70,90,44,E,58
39,82,30,95,4,7,E,42
40,78,19,26,66,97,E,68
40,29,17,82,88,82,E,72
40,41,85,98,34,68,E,70
40,81,50,10,38,50,E,49
40,2,68,13,10,98,E,49
40,89,34,94,44,19,E,53
40,32,18,70,77,72,E,66
40,79,45,23,57,42,E,54
40,87,72,92,13,25,E,55
40,56,95,41,66,6,E,52
41,93,99,95,42,65,E,78
41,11,38,36,63,65,E,54
41,30,94,15,5,17,E,31
41,3,28,43,2,34,E,27
41,44,32,44,81,45,E,59
41,85,92,62,87,67,E,80
41,88,48,9,22,82,E,53
41,13,48,34,38,1,E,30
41,100,21,43,55,100,E,69
41,10,20,63,91,94,E,71
42,35,9,19,89,36,E,45
42,79,61,26,15,3,E,33
42,61,53,83,34,99,E,74
42,15,12,90,59,61,E,60
42,95,16,86,11,35,E,50
42,78,80,15,56,86,E,68
42,22,66,1,59,6,E,34
42,83,75,9,52,86,E,66
42,34,78,57,11,55,E,53
42,19,97,17,58,57,E,56
43,83,86,58,15,20,E,50
43,27,82,51,72,87,E,76
43,74,61,25,84,49,E,63
43,47,62,30,20,36,E,39
43,71,64,41,1,48,E,44
43,2,18,78,10,94,E,52
43,7,76,63,74,11,E,50
43,15,47,87,78,96,E,81
43,37,24,6,47,11,E,29
43,60,72,46,84,56,E,68
44,16,89,9,95,31,E,58
44,71,20,30,1,89,E,48
44,16,83,98,60,15,E,56
44,26,99,78,58,86,E,80
44,96,82,56,98,49,E,77
44,75,37,56,60,18,E,49
44,18,2,67,89,72,E,65
44,86,89,98,5,71,E,67
44,91,17,9,93,70,E,61
44,3,41,62,25,21,E,35
45,68,32,48,59,5,E,41
45,100,50,53,12,41,E,49
45,84,46,99,5,56,E,58
45,82,82,80,97,80,E,89
45,5,19,71,19,94,E,56
45,45,20,28,45,57,E,48
45,30,60,99,64,8,E,58
45,58,26,64,68,37,E,55
45,17,85,94,59,35,E,65
45,17,15,67,23,69,E,50
46,87,52,100,61,75,E,80
46,49,92,82,85,74,E,84
46,77,30,85,6,30,E,43
46,23,39,76,78,55,E,66
46,90,27,46,100,1,E,52
46,21,30,28,41,93,E,55
46,42,31,10,43,76,E,49
46,9,63,38,64,9,E,42
46,94,86,90,39,97,E,86
46,93,8,85,18,35,E,49
47,8,34,1,44,40,E,36
47,78,33,83,39,47,E,60
47,45,13,75,79,29,E,53
47,31,11,21,4,37,E,29
47,49,97,11,67,15,E,49
47,87,61,34,72,7,E,51
47,94,92,15,13,15,E,40
47,37,98,62,86,3,E,60
47,34,56,51,36,33,E,48
47,40,33,42,88,19,E,50
48,22,72,2,73,96,E,66
48,57,92,18,17,7,E,34
48,19,12,92,46,93,E,68
48,81,37,27,27,74,E,51
48,91,98,87,47,49,E,72
48,96,17,81,2,83,E,58
48,20,58,48,29,1,E,31
48,43,73,50,10,94,E,62
48,86,8,36,15,89,E,53
48,14,6,49,59,12,E,35
49,56,62,51,3,84,E,58
49,29,97,11,16,48,E,43
49,45,45,5,18,31,E,29
49,90,19,1,37,93,E,52
49,49,4,55,90,54,E,62
49,8,54,48,48,36,E,45
49,43,41,63,57,11,E,44
49,32,71,43,62,48,E,60
49,91,75,78,2,53,E,58
49,41,65,56,70,70,E,69
50,14,80,62,43,20,E,48
50,64,40,31,74,72,E,65
50,18,15,17,70,15,E,35
50,17,49,22,36,81,E,54
50,56,30,67,82,83,E,73
50,11,79,25,64,11,E,43
50,95,76,92,54,39,E,69
50,26,82,86,77,41,E,71
50,20,93,79,52,95,E,79
50,25,75,54,59,93,E,71
51,9,38,32,66,98,M,59
51,2,51,94,23,47,M,48
51,60,48,43,14,31,M,35
51,76,63,80,25,99,M,68
51,10,8,36,95,68,M,54
51,6,49,5,61,90,M,51
51,31,18,68,87,77,M,67
51,99,53,91,13,71,M,61
51,86,88,89,84,4,M,61
51,44,53,43,58,66,M,53
52,37,68,30,76,6,M,43
52,79,75,32,59,53,M,57
52,88,47,16,25,44,M,37
52,3,48,55,65,61,M,52
52,16,30,63,95,17,M,50
52,28,52,88,13,78,M,58
52,32,92,45,80,93,M,77
52,28,1,77,22,8,M,25
52,89,82,49,8,94,M,60
52,14,89,49,39,31,M,42
53,68,48,74,51,33,M,51
53,26,7,65,96,76,M,65
53,83,8,97,64,74,M,69
53,59,79,91,87,95,M,87
53,58,13,11,65,97,M,55
53,31,96,41,65,45,M,54
53,94,63,4,21,45,M,39
53,91,61,49,34,22,M,42
53,70,1,45,51,45,M,44
53,32,74,97,96,14,M,64
54,99,48,20,56,82,M,60
54,48,51,72,10,29,M,39
54,75,51,89,9,75,M,57
54,27,79,27,47,27,M,42
54,56,92,65,57,96,M,76
54,18,56,45,63,27,M,44
54,21,32,30,11,25,M,24
54,88,16,99,82,14,M,54
54,51,50,60,48,53,M,52
54,89,15,4,99,93,M,66
55,33,34,72,22,65,M,49
55,15,52,39,84,53,M,55
55,30,10,51,3,4,M,16
55,51,13,47,40,48,M,43
55,43,3,18,32,51,M,32
55,47,84,87,80,49,M,71
55,27,22,83,10,95,M,56
55,30,48,52,88,38,M,53
55,19,94,12,73,74,M,60
55,40,36,87,35,55,M,54
56,79,99,100,75,43,M,73
56,37,2,40,69,100,M,60
56,55,69,71,3,56,M,50
56,59,32,11,69,68,M,51
56,8,14,67,50,62,M,50
56,61,48,70,59,63,M,63
56,46,37,13,42,3,M,25
56,6,11,54,75,60,M,51
56,60,42,84,68,51,M,62
56,91,21,58,7,79,M,50
57,39,6,64,83,95,M,69
57,99,91,93,56,95,M,86
57,2,29,66,74,60,M,55
57,46,11,29,41,74,M,46
57,12,86,87,96,18,M,61
57,33,79,31,59,61,M,53
57,14,17,7,96,7,M,32
57,92,40,50,42,1,M,36
57,39,24,86,61,60,M,60
57,43,89,56,17,91,M,62
58,71,29,51,42,86,M,60
58,71,39,17,70,99,M,65
58,99,79,29,76,70,M,67
58,10,43,56,98,49,M,60
58,64,42,13,73,92,M,63
58,10,72,95,94,3,M,54
58,44,100,60,20,32,M,46
58,88,97,91,98,95,M,94
58,34,6,58,19,20,M,25
58,48,27,82,11,1,M,29
59,26,51,41,31,86,M,54
59,97,91,33,96,38,M,64
59,92,44,81,51,46,M,61
59,80,78,55,44,20,M,49
59,70,66,20,10,76,M,49
59,64,72,11,49,24,M,39
59,44,69,61,1,98,M,58
59,95,13,65,55,28,M,45
59,86,9,13,25,45,M,31
59,31,91,11,87,33,M,51
60,46,68,47,24,57,M,50
60,17,49,67,100,48,M,61
60,73,92,99,90,50,M,81
60,31,98,37,78,21,M,51
60,70,49,24,74,62,M,55
60,19,3,33,18,59,M,32
60,25,38,21,97,34,M,48
60,91,47,58,77,86,M,71
60,99,2,15,33,27,M,31
60,21,47,7,36,36,M,33
61,84,47,65,53,57,M,61
61,81,16,88,45,69,M,62
61,25,28,86,5,82,M,52
61,95,92,70,73,53,M,74
61,43,8,73,18,50,M,38
61,69,86,69,20,1,M,37
61,55,4,33,79,94,M,60
61,46,31,92,30,40,M,46
61,23,6,48,94,37,M,49
61,12,83,42,95,27,M,57
62,14,64,53,8,51,M,38
62,19,89,23,43,49,M,45
62,66,59,93,14,15,M,43
62,50,30,86,56,24,M,51
62,7,25,31,10,47,M,27
62,64,71,18,25,58,M,46
62,30,23,2,76,79,M,50
62,44,74,2,63,98,M,59
62,42,85,66,69,3,M,48
62,83,65,14,74,90,M,69
63,77,55,95,39,49,M,60
63,81,31,17,77,74,M,58
63,3,87,88,3,45,M,47
63,4,68,89,47,28,M,47
63,76,29,95,21,38,M,50
63,72,5,87,79,88,M,70
63,82,71,5,79,92,M,68
63,20,88,29,54,41,M,49
63,17,98,32,75,19,M,46
63,54,71,20,37,19,M,34
64,8,54,82,8,74,M,49
64,98,28,79,57,67,M,63
64,98,25,84,92,65,M,76
64,39,58,95,87,31,M,62
64,60,99,54,20,16,M,44
64,18,13,28,30,50,M,34
64,66,49,9,50,37,M,41
64,31,88,36,78,19,M,48
64,42,83,6,69,75,M,58
64,42,17,100,93,16,M,56
65,49,70,22,86,93,M,71
65,6,89,42,67,64,M,58
65,11,96,94,26,47,M,57
65,82,86,41,58,16,M,50
65,87,84,87,52,72,M,74
65,43,8,100,43,54,M,52
65,55,15,66,15,52,M,41
65,35,21,75,69,96,M,70
65,29,45,94,31,98,M,68
65,66,38,85,7,11,M,37
66,59,3,13,77,31,M,40
66,98,10,64,85,67,M,68
66,86,81,25,64,96,M,72
66,65,94,18,71,40,M,52
66,71,38,97,2,54,M,50
66,75,100,83,53,53,M,70
66,35,38,3,7,10,M,14
66,69,50,43,21,75,M,51
66,66,3,95,3,90,M,53
66,19,76,6,7,65,M,35
67,18,57,25,31,96,M,52
67,50,63,84,99,64,M,77
67,28,80,34,93,49,M,62
67,91,54,7,83,31,M,48
67,9,92,36,74,46,M,57
67,30,90,52,95,18,M,59
67,39,38,8,94,90,M,64
67,20,94,52,95,71,M,71
67,58,57,83,19,67,M,55
67,11,28,21,82,46,M,47
68,90,82,60,61,81,M,73
68,96,16,77,96,19,M,57
68,81,35,26,73,68,M,57
68,10,32,44,98,82,M,64
68,74,20,24,41,37,M,38
68,61,30,59,51,90,M,63
68,92,33,84,95,36,M,65
68,36,76,36,44,3,M,35
68,23,74,34,37,41,M,40
68,20,30,76,72,30,M,47
69,46,69,53,78,5,M,49
69,47,50,33,38,27,M,36
69,40,66,6,47,33,M,36
69,69,63,19,85,18,M,47
69,68,83,9,36,77,M,51
69,17,25,87,97,51,M,61
69,89,16,90,15,30,M,41
69,69,25,50,94,33,M,55
69,24,32,7,96,2,M,34
69,78,4,1,95,12,M,35
70,38,16,38,94,100,M,66
70,76,92,9,83,66,M,66
70,84,100,100,56,51,M,76
70,82,23,99,43,86,M,68
70,1,75,96,54,8,M,48
70,8,8,58,48,20,M,34
70,36,11,88,3,84,M,49
70,81,26,49,80,58,M,59
70,73,4,50,18,71,M,44
70,89,80,49,3,99,M,64
71,11,13,25,69,14,M,31
71,55,15,18,21,79,M,40
71,73,58,29,99,8,M,49
71,83,11,72,81,24,M,51
71,62,94,57,97,88,M,84
71,26,35,87,35,16,M,40
71,69,33,16,24,9,M,24
71,77,79,3,29,31,M,39
71,82,93,35,30,52,M,52
71,59,10,19,91,82,M,61
72,45,82,100,94,30,M,71
72,91,21,42,97,93,M,71
72,60,40,50,79,65,M,61
72,72,30,98,74,62,M,68
72,59,48,91,33,52,M,53
72,1,15,97,48,18,M,42
72,73,63,19,97,22,M,51
72,69,16,60,9,90,M,50
72,63,71,73,48,80,M,68
72,55,70,92,33,77,M,66
73,74,32,98,52,14,M,49
73,80,24,12,4,4,M,18
73,18,76,39,33,99,M,61
73,45,60,56,69,12,M,46
73,13,59,64,20,94,M,57
73,69,33,20,95,8,M,41
73,31,12,25,47,97,M,53
73,21,48,77,22,70,M,52
73,46,83,76,33,75,M,66
73,3,49,45,9,26,M,26
74,90,86,88,68,60,M,73
74,65,29,58,79,33,M,51
74,67,52,82,92,91,M,79
74,31,92,99,43,22,M,54
74,94,25,55,34,92,M,58
74,55,60,30,4,100,M,50
74,32,53,93,54,24,M,51
74,10,14,85,100,69,M,67
74,43,73,8,26,60,M,42
74,66,4,59,91,95,M,72
75,39,23,27,3,96,M,43
75,93,47,86,14,12,M,39
75,96,89,87,21,9,M,49
75,30,30,27,42,94,M,53
75,75,54,30,29,13,M,35
75,40,69,54,58,25,M,49
75,50,94,22,100,32,M,60
75,52,54,97,92,38,M,67
75,13,15,80,26,57,M,44
75,66,66,59,36,54,M,53
76,1,81,30,88,91,M,67
76,22,9,92,92,19,M,50
76,68,53,14,26,83,M,51
76,76,32,55,59,43,M,51
76,45,12,25,38,13,M,24
76,8,91,13,83,59,M,56
76,53,10,17,75,27,M,37
76,2,25,81,93,88,M,72
76,53,91,20,68,42,M,51
76,36,77,47,54,7,M,42
77,32,55,59,57,56,M,53
77,39,2,72,45,76,M,54
77,81,97,75,83,67,M,81
77,78,72,35,99,52,M,64
77,82,70,44,80,27,M,54
77,25,92,28,71,67,M,60
77,46,7,21,28,58,M,33
77,30,19,14,100,52,M,51
77,30,99,87,94,14,M,63
77,86,11,96,72,18,M,54
78,4,99,13,69,57,M,55
78,67,40,22,94,83,M,68
78,61,73,63,73,42,M,60
78,9,88,86,38,52,M,59
78,70,67,96,30,33,M,56
78,55,29,2,44,55,M,38
78,21,64,34,28,65,M,44
78,18,92,25,66,28,M,46
78,2,18,75,57,6,M,34
78,55,5,77,14,36,M,34
79,25,3,77,29,43,M,39
79,7,92,69,23,79,M,59
79,72,6,4,3,99,M,39
79,41,83,71,25,90,M,66
79,100,65,78,94,99,M,89
79,7,78,60,54,63,M,57
79,59,14,87,1,71,M,48
79,4,41,68,57,45,M,46
79,58,7,10,74,45,M,44
79,98,50,10,65,84,M,59
80,99,100,6,54,6,M,41
80,69,88,1,3,69,M,43
80,8,28,57,67,34,M,44
80,73,4,37,67,40,M,46
80,63,100,93,85,59,M,78
80,79,81,29,15,51,M,45
80,66,38,79,18,45,M,47
80,94,49,25,84,76,M,64
80,67,19,10,35,91,M,48
80,26,5,76,31,9,M,30
81,100,6,39,56,90,M,63
81,55,75,99,44,50,M,64
81,61,15,70,59,93,M,65
81,1,28,97,80,17,M,48
81,7,17,21,81,18,M,33
81,61,60,58,65,77,M,65
81,98,13,61,22,70,M,49
81,8,68,40,40,78,M,53
81,21,68,54,39,93,M,59
81,45,40,54,26,27,M,38
82,28,39,68,64,55,M,57
82,79,23,38,10,54,M,37
82,36,52,96,37,51,M,55
82,99,43,15,3,90,M,46
82,30,64,8,12,64,M,36
82,33,15,23,83,70,M,52
82,22,54,10,46,9,M,25
82,47,19,57,66,69,M,55
82,34,56,77,58,78,M,67
82,81,51,61,21,90,M,63
83,65,95,35,68,79,M,71
83,1,73,83,82,63,M,69
83,66,40,84,5,99,M,59
83,45,88,67,45,76,M,64
83,39,71,92,8,74,M,56
83,81,71,91,43,5,M,50
83,64,27,55,8,92,M,53
83,22,80,18,81,28,M,49
83,10,29,45,5,83,M,43
83,4,79,47,34,32,M,39
84,48,90,68,11,72,M,59
84,96,13,47,44,44,M,44
84,89,49,52,97,50,M,66
84,53,23,22,45,12,M,31
84,23,74,39,72,92,M,66
84,20,71,43,89,87,M,70
84,10,45,65,52,69,M,57
84,16,82,85,36,4,M,39
84,52,46,32,63,42,M,48
84,85,91,41,30,6,M,42
85,80,99,3,67,90,M,68
85,42,81,38,41,12,M,39
85,24,80,32,17,55,M,44
85,56,45,3,63,90,M,58
85,39,95,40,22,88,M,57
85,2,49,15,30,8,M,19
85,50,19,7,46,42,M,35
85,31,45,79,40,28,M,46
85,36,5,73,55,66,M,51
85,70,31,66,78,41,M,56
86,14,16,35,48,53,M,39
86,51,83,76,5,94,M,61
86,86,81,20,82,31,M,55
86,7,14,80,95,79,M,68
86,66,22,10,74,63,M,51
86,69,77,67,2,24,M,41
86,63,62,34,42,88,M,60
86,82,36,38,41,96,M,60
86,53,43,65,70,89,M,67
86,32,33,8,68,92,M,54
87,65,97,77,57,17,M,58
87,91,26,56,86,29,M,55
87,9,77,90,33,86,M,64
87,28,19,6,12,59,M,26
87,68,13,34,60,39,M,42
87,90,79,1,45,53,M,50
87,88,83,77,73,41,M,67
87,51,45,82,13,41,M,46
87,23,38,1,78,6,M,32
87,39,77,7,27,89,M,50
88,89,64,58,98,12,M,57
88,55,70,16,40,100,M,58
88,21,93,22,57,18,M,40
88,20,13,10,47,2,M,19
88,37,97,77,42,12,M,49
88,35,76,86,56,55,M,65
88,35,11,7,21,46,M,25
88,14,91,86,52,21,M,51
88,74,99,4,10,68,M,49
88,26,50,13,59,20,M,34
89,44,33,24,41,68,M,48
89,84,69,73,13,90,M,66
89,53,17,8,81,20,M,37
89,85,20,67,72,94,M,72
89,4,11,95,89,10,M,46
89,49,83,23,28,38,M,40
89,82,35,93,46,36,M,53
89,54,7,87,35,19,M,38
89,8,20,79,67,45,M,49
89,93,24,100,15,18,M,44
90,75,25,67,45,94,M,65
90,54,41,61,20,2,M,29
90,82,83,94,37,100,M,79
90,54,14,75,27,90,M,56
90,38,80,40,38,31,M,41
90,12,80,54,32,2,M,31
90,15,95,57,42,41,M,50
90,76,67,49,53,33,M,51
90,37,28,12,50,39,M,37
90,30,25,49,13,51,M,36
91,70,87,11,14,30,M,36
91,29,97,61,84,12,M,55
91,58,71,19,91,100,M,71
91,48,66,82,80,57,M,70
91,24,45,92,84,78,M,75
91,71,62,21,25,42,M,41
91,61,7,10,98,75,M,57
91,56,45,77,98,18,M,58
91,88,57,66,75,25,M,57
91,16,24,62,22,25,M,30
92,29,35,22,40,82,M,46
92,86,31,83,2,40,M,42
92,8,29,99,36,34,M,45
92,28,10,13,58,10,M,24
92,90,44,8,67,39,M,48
92,5,35,100,17,73,M,51
92,63,25,94,86,34,M,62
92,87,38,58,66,54,M,60
92,95,49,47,15,32,M,40
92,93,100,79,69,23,M,66
93,14,69,98,78,78,M,75
93,88,71,26,15,89,M,53
93,74,39,83,12,64,M,55
93,9,77,68,68,15,M,48
93,78,51,14,75,63,M,58
93,85,51,43,46,35,M,47
93,84,89,12,47,9,M,40
93,94,33,52,27,100,M,62
93,69,95,44,60,85,M,73
93,90,37,97,10,55,M,54
94,56,36,30,58,16,M,36
94,90,88,48,3,89,M,59
94,63,91,10,52,87,M,61
94,59,69,55,70,31,M,55
94,67,99,17,89,17,M,53
94,56,41,86,80,57,M,69
94,19,10,84,62,71,M,55
94,35,51,57,48,33,M,45
94,83,5,53,47,86,M,56
94,20,19,80,92,94,M,71
95,80,31,9,33,55,M,41
95,64,56,24,29,69,M,48
95,8,40,72,60,1,M,38
95,32,57,9,98,22,M,48
95,78,68,71,77,3,M,53
95,100,74,18,11,42,M,43
95,76,73,60,1,30,M,40
95,8,61,86,80,27,M,54
95,11,5,22,99,17,M,34
95,12,56,94,100,51,M,70
96,16,100,77,21,46,M,53
96,9,1,42,10,39,M,25
96,6,72,43,89,27,M,53
96,78,75,32,3,89,M,52
96,2,70,15,39,12,M,28
96,29,96,27,56,35,M,48
96,50,95,16,59,39,M,49
96,10,23,51,36,57,M,43
96,34,91,32,14,26,M,38
96,81,60,42,77,77,M,69
97,82,25,19,24,67,M,42
97,1,45,93,37,57,M,55
97,33,88,38,5,18,M,33
97,23,86,76,94,63,M,72
97,69,41,51,40,54,M,52
97,55,92,66,72,22,M,57
97,29,17,88,99,64,M,70
97,42,45,1,85,81,M,58
97,17,68,92,79,56,M,68
97,20,89,76,77,97,M,79
98,89,42,77,94,68,M,77
98,20,66,72,58,100,M,72
98,49,18,9,28,50,M,31
98,37,85,29,98,8,M,48
98,1,26,31,51,93,M,54
98,55,36,1,98,7,M,40
98,89,17,38,58,68,M,54
98,53,28,38,75,88,M,64
98,11,89,19,66,59,M,52
98,44,31,36,30,97,M,52
99,54,46,76,83,24,M,55
99,25,10,43,98,48,M,53
99,6,98,69,96,44,M,67
99,45,20,4,73,33,M,35
99,95,85,77,99,10,M,64
99,61,72,39,15,32,M,40
99,95,100,83,55,51,M,71
99,29,51,4,18,35,M,25
99,38,95,12,26,62,M,47
99,78,50,25,98,94,M,72
100,46,99,62,6,56,M,53
100,27,47,98,37,72,M,58
100,38,84,78,96,77,M,81
100,45,5,14,11,37,M,22
100,70,88,60,12,90,M,64
100,31,12,73,8,80,M,44
100,34,39,29,75,88,M,61
100,28,58,69,79,24,M,52
100,32,90,14,24,45,M,41
100,64,85,29,25,45,M,44
101,90,41,40,88,91,D,67
101,16,17,55,46,21,D,29
101,48,71,46,81,15,D,43
101,51,27,99,93,61,D,72
101,18,24,31,59,79,D,46
101,21,94,10,93,33,D,44
101,82,32,69,10,98,D,53
101,2,61,74,35,13,D,37
101,65,90,30,58,7,D,42
101,9,56,46,63,62,D,49
102,92,48,65,97,65,D,70
102,66,49,21,94,71,D,55
102,69,93,62,32,19,D,49
102,41,87,7,64,91,D,55
102,57,45,91,36,39,D,46
102,28,68,40,91,11,D,49
102,5,45,54,8,5,D,18
102,3,8,65,70,1,D,33
102,94,61,16,55,75,D,56
102,18,89,49,34,85,D,57
103,89,86,62,32,11,D,47
103,11,66,96,14,50,D,43
103,73,82,26,41,47,D,46
103,65,84,8,71,26,D,45
103,10,25,54,3,95,D,37
103,11,55,98,35,66,D,53
103,7,14,33,89,51,D,46
103,79,31,23,40,72,D,47
103,94,76,64,97,61,D,76
103,82,44,14,37,77,D,47
104,32,16,100,65,27,D,50
104,30,65,98,62,59,D,66
104,72,78,90,53,18,D,54
104,10,88,82,58,61,D,62
104,92,43,75,6,44,D,42
104,98,70,96,83,65,D,73
104,66,53,57,31,47,D,45
104,42,34,75,99,23,D,49
104,45,27,41,56,50,D,38
104,22,83,10,83,82,D,59
105,12,84,70,33,25,D,38
105,29,87,34,17,78,D,50
105,42,53,52,59,6,D,40
105,24,5,55,27,75,D,43
105,52,80,47,83,12,D,44
105,55,41,98,65,63,D,61
105,66,39,49,79,100,D,66
105,36,93,58,71,54,D,64
105,65,21,69,43,8,D,34
105,64,32,22,58,72,D,47
106,63,46,62,5,17,D,28
106,34,34,30,46,75,D,41
106,38,74,79,93,53,D,70
106,34,32,35,76,57,D,46
106,17,4,46,27,31,D,20
106,19,34,21,76,83,D,54
106,57,32,68,79,63,D,64
106,69,54,6,10,76,D,35
106,38,43,53,22,25,D,30
106,85,18,13,30,49,D,32
107,80,2,45,35,4,D,28
107,17,88,42,24,18,D,27
107,20,6,82,67,57,D,47
107,42,97,73,44,5,D,43
107,5,10,18,16,58,D,29
107,43,62,45,5,29,D,29
107,42,1,73,57,94,D,62
107,73,61,4,37,90,D,46
107,66,93,54,99,79,D,78
107,82,1,27,68,67,D,50
108,39,98,16,96,15,D,45
108,26,85,50,94,18,D,48
108,92,53,3,91,4,D,44
108,52,66,53,39,14,D,40
108,87,18,62,3,95,D,46
108,98,96,77,94,46,D,76
108,53,64,37,44,22,D,34
108,55,92,43,87,48,D,57
108,9,40,14,51,8,D,18
108,82,31,36,2,100,D,46
109,63,89,61,65,43,D,61
109,64,67,85,38,95,D,71
109,75,48,82,45,56,D,59
109,17,46,80,31,66,D,49
109,69,44,47,15,13,D,27
109,18,92,60,48,92,D,67
109,48,29,51,87,6,D,41
109,67,100,76,16,82,D,64
109,71,36,36,8,31,D,29
109,16,46,55,50,75,D,47
110,65,85,47,35,99,D,68
110,83,89,19,15,57,D,48
110,1,56,56,11,56,D,40
110,3,4,48,6,49,D,25
110,30,43,79,28,47,D,45
110,94,56,78,46,99,D,76
110,35,75,56,15,63,D,44
110,97,98,67,99,16,D,68
110,96,78,66,28,80,D,58
110,55,79,63,85,43,D,65
111,90,90,45,78,44,D,61
111,39,59,15,60,100,D,55
111,21,93,23,81,97,D,63
111,2,73,87,62,53,D,53
111,86,76,2,63,5,D,36
111,100,92,70,43,8,D,49
111,50,60,68,28,98,D,65
111,89,79,44,29,22,D,42
111,30,19,13,4,15,D,11
111,39,72,72,33,89,D,58
112,6,29,19,78,59,D,42
112,92,11,36,62,59,D,47
112,50,82,11,5,74,D,38
112,51,14,35,78,85,D,54
112,65,4,3,56,47,D,33
112,19,97,98,84,11,D,54
112,25,98,1,11,31,D,26
112,82,24,66,10,63,D,44
112,40,51,11,60,75,D,48
112,67,96,71,41,12,D,47
113,66,84,38,88,64,D,67
113,48,41,17,15,25,D,19
113,4,33,48,45,4,D,20
113,90,76,97,95,72,D,79
113,12,57,6,48,68,D,43
113,44,19,97,86,56,D,66
113,62,75,97,71,73,D,73
113,95,46,19,47,40,D,41
113,11,72,46,6,55,D,39
113,85,43,74,82,42,D,57
114,17,25,66,6,4,D,13
114,80,21,73,93,13,D,46
114,100,38,20,61,86,D,59
114,44,2,92,13,31,D,31
114,100,61,79,100,68,D,78
114,48,57,52,70,60,D,58
114,87,83,11,79,70,D,65
114,28,65,38,95,39,D,55
114,69,43,6,71,39,D,41
114,4,98,43,98,54,D,61
115,56,89,84,98,99,D,90
115,2,99,93,100,98,D,83
115,59,85,28,17,76,D,50
115,39,32,23,8,59,D,30
115,89,45,25,50,27,D,37
115,79,51,39,52,4,D,32
115,87,100,27,72,4,D,49
115,44,5,63,52,26,D,36
115,43,20,89,87,75,D,67
115,50,47,33,33,37,D,32
116,70,39,64,12,16,D,27
116,96,6,62,83,73,D,64
116,23,62,67,81,60,D,56
116,3,26,51,37,15,D,24
116,65,54,57,87,73,D,64
116,67,91,9,68,55,D,53
116,3,86,56,3,21,D,24
116,21,44,47,35,97,D,49
116,76,84,31,94,34,D,59
116,76,41,90,41,56,D,56
117,79,58,6,86,15,D,44
117,92,54,100,28,99,D,73
117,35,93,75,43,25,D,51
117,56,7,33,53,30,D,30
117,51,26,81,27,63,D,51
117,24,90,78,86,45,D,68
117,37,19,73,35,23,D,32
117,50,26,27,55,12,D,31
117,73,21,88,55,49,D,54
117,41,19,83,47,81,D,55
118,43,96,17,1,54,D,39
118,4,81,98,41,34,D,47
118,64,84,94,26,8,D,47
118,10,81,19,67,81,D,52
118,27,30,49,43,87,D,48
118,9,72,85,71,27,D,54
118,40,9,73,90,10,D,45
118,71,77,80,51,45,D,61
118,22,61,79,56,23,D,50
118,66,19,78,58,34,D,42
119,24,90,24,18,20,D,28
119,76,79,84,98,53,D,73
119,65,91,78,94,78,D,76
119,41,5,36,96,88,D,58
119,29,87,19,36,27,D,39
119,6,12,100,96,26,D,56
119,7,38,42,4,45,D,27
119,75,56,93,6,94,D,65
119,82,14,8,48,25,D,26
119,44,13,58,49,57,D,42
120,24,51,73,31,60,D,51
120,32,73,38,14,55,D,36
120,66,35,93,17,18,D,40
120,23,24,25,99,18,D,43
120,26,2,38,5,61,D,30
120,56,8,63,18,23,D,30
120,36,14,27,44,51,D,31
120,76,67,36,12,86,D,47
120,79,98,1,7,60,D,40
120,59,74,45,65,9,D,39
121,60,80,84,96,62,D,72
121,81,52,13,53,44,D,40
121,70,49,87,7,69,D,52
121,75,95,76,38,87,D,70
121,39,26,2,92,57,D,43
121,70,98,47,77,57,D,60
121,47,90,57,85,85,D,78
121,69,13,58,10,14,D,21
121,100,22,94,43,47,D,50
121,18,16,59,22,3,D,15
122,49,40,40,1,86,D,43
122,27,81,16,71,99,D,64
122,36,22,35,83,15,D,39
122,63,100,61,88,97,D,80
122,70,15,1,23,34,D,20
122,90,55,55,35,61,D,53
122,12,25,34,44,17,D,28
122,15,75,40,99,56,D,64
122,5,15,62,42,68,D,46
122,20,54,80,24,63,D,49
123,70,1,7,98,54,D,41
123,62,46,96,50,82,D,62
123,10,54,3,20,97,D,37
123,68,88,73,31,81,D,62
123,26,68,15,16,2,D,20
123,88,75,87,37,50,D,61
123,56,49,24,61,18,D,33
123,89,69,94,71,61,D,75
123,56,20,74,78,77,D,65
123,76,67,23,62,8,D,34
124,51,85,65,67,99,D,71
124,25,46,45,53,79,D,51
124,97,37,31,64,91,D,63
124,53,14,75,13,86,D,44
124,98,52,41,16,30,D,37
124,17,77,78,92,13,D,51
124,95,6,28,33,60,D,38
124,18,52,1,22,61,D,28
124,42,59,13,34,23,D,29
124,74,53,77,95,41,D,66
125,57,63,55,78,13,D,45
125,62,97,65,12,87,D,59
125,29,17,26,65,69,D,44
125,59,43,24,59,69,D,46
125,91,47,96,85,25,D,62
125,91,45,85,44,87,D,72
125,84,29,90,64,8,D,46
125,65,60,87,39,17,D,41
125,63,24,30,86,74,D,54
125,72,24,84,80,6,D,48
126,6,58,34,92,3,D,42
126,52,39,2,39,21,D,23
126,34,96,80,77,22,D,55
126,97,86,43,10,98,D,55
126,99,84,24,18,9,D,30
126,62,33,84,34,15,D,37
126,81,89,90,9,79,D,59
126,85,23,79,89,83,D,69
126,48,86,13,78,83,D,60
126,88,45,11,64,2,D,34
127,96,84,49,92,84,D,78
127,24,98,21,50,98,D,63
127,1,97,3,28,39,D,33
127,65,74,80,19,87,D,57
127,67,2,30,53,5,D,22
127,60,21,9,74,92,D,54
127,73,98,82,80,61,D,76
127,60,57,18,68,35,D,45
127,5,83,35,14,64,D,36
127,97,77,18,59,63,D,56
128,97,19,63,20,1,D,29
128,63,80,70,96,47,D,71
128,84,44,11,22,23,D,22
128,99,37,18,55,90,D,61
128,41,30,70,53,62,D,48
128,26,95,36,45,41,D,46
128,92,99,100,10,32,D,52
128,88,74,14,52,38,D,45
128,77,87,92,42,39,D,58
128,34,54,43,21,88,D,53
129,46,13,97,17,61,D,44
129,87,40,27,72,38,D,51
129,86,40,85,79,95,D,77
129,62,42,65,72,29,D,51
129,22,44,19,75,85,D,50
129,81,86,54,65,71,D,64
129,16,4,93,98,22,D,53
129,49,17,16,16,7,D,11
129,37,32,58,8,37,D,35
129,54,84,98,44,73,D,67
130,42,54,47,3,24,D,24
130,80,81,67,81,32,D,59
130,21,3,94,74,43,D,52
130,82,60,31,95,12,D,51
130,77,2,60,27,21,D,32
130,1,73,45,3,33,D,24
130,46,8,85,39,62,D,48
130,8,7,19,10,69,D,27
130,93,23,38,21,28,D,26
130,62,24,79,3,65,D,46
131,13,37,9,62,69,D,40
131,95,7,65,59,69,D,52
131,13,55,57,53,27,D,36
131,35,69,41,21,57,D,44
131,56,5,58,24,59,D,37
131,46,24,64,60,32,D,45
131,40,20,27,23,37,D,25
131,65,44,5,38,7,D,21
131,19,20,90,7,8,D,22
131,54,63,48,86,34,D,51
132,44,67,19,39,34,D,33
132,14,64,41,99,7,D,42
132,64,74,64,63,59,D,64
132,55,97,37,31,89,D,61
132,8,47,7,33,11,D,20
132,35,91,50,25,25,D,38
132,71,25,53,62,27,D,44
132,66,86,39,41,45,D,50
132,75,87,89,15,5,D,43
132,78,43,12,41,62,D,40
133,67,22,97,5,27,D,38
133,67,42,8,10,72,D,37
133,77,36,28,6,65,D,37
133,71,47,50,71,16,D,44
133,47,83,99,68,88,D,82
133,21,3,89,28,63,D,45
133,40,52,24,65,10,D,30
133,70,74,55,28,67,D,50
133,25,98,34,2,32,D,27
133,23,38,88,59,60,D,56
134,62,59,19,6,34,D,30
134,30,62,18,18,44,D,31
134,32,20,31,93,15,D,38
134,93,39,68,84,43,D,57
134,21,99,78,40,9,D,46
134,59,52,93,14,83,D,60
134,53,9,11,80,82,D,51
134,72,15,64,6,62,D,35
134,66,97,98,27,37,D,55
134,72,2,40,12,15,D,23
135,8,3,13,84,20,D,28
135,38,51,63,15,28,D,37
135,98,96,16,5,100,D,52
135,9,8,4,83,22,D,23
135,46,64,38,14,29,D,27
135,7,7,7,89,20,D,27
135,90,1,89,64,28,D,47
135,41,45,47,60,56,D,47
135,21,71,96,5,68,D,47
135,58,86,23,82,37,D,52
136,12,2,65,33,61,D,39
136,53,84,20,53,96,D,61
136,19,3,94,98,99,D,71
136,9,1,37,2,82,D,32
136,64,33,24,53,72,D,48
136,81,22,22,87,90,D,60
136,29,74,48,2,40,D,33
136,20,76,54,4,2,D,27
136,9,10,77,82,70,D,60
136,51,66,59,35,4,D,38
137,30,18,84,71,6,D,37
137,97,71,71,19,77,D,55
137,20,20,44,77,84,D,55
137,51,19,28,26,49,D,37
137,61,20,73,1,22,D,27
137,53,43,100,77,1,D,48
137,30,8,20,8,86,D,30
137,74,53,40,31,75,D,47
137,11,15,34,99,14,D,41
137,21,83,73,31,30,D,42
138,98,87,57,48,22,D,47
138,46,37,90,51,60,D,51
138,16,63,87,76,13,D,44
138,7,63,14,54,36,D,37
138,10,74,61,98,43,D,59
138,66,38,85,65,97,D,75
138,47,50,66,97,77,D,65
138,68,60,4,4,56,D,33
138,37,95,98,76,29,D,65
138,67,49,94,57,76,D,68
139,19,54,31,44,95,D,48
139,11,21,80,87,13,D,43
139,81,15,99,53,99,D,73
139,1,70,43,5,18,D,22
139,20,38,59,1,18,D,25
139,17,30,75,69,76,D,60
139,90,68,83,56,10,D,51
139,96,61,75,44,87,D,70
139,43,71,13,51,31,D,41
139,59,44,14,3,49,D,28
140,95,59,93,78,98,D,82
140,87,2,66,79,36,D,53
140,12,74,40,69,89,D,57
140,4,5,95,68,22,D,41
140,91,15,73,20,45,D,38
140,73,47,15,50,67,D,51
140,54,2,65,84,62,D,58
140,45,98,57,48,57,D,59
140,76,96,85,50,76,D,71
140,85,50,11,91,23,D,43
141,99,14,49,8,71,D,42
141,18,21,32,83,77,D,54
141,21,58,85,39,17,D,42
141,90,29,2,49,57,D,37
141,78,62,38,54,45,D,50
141,99,96,38,98,61,D,70
141,47,6,53,54,87,D,48
141,80,77,65,54,15,D,50
141,78,79,53,39,5,D,42
141,79,81,58,59,55,D,57
142,79,68,49,23,42,D,46
142,83,16,71,81,72,D,64
142,15,5,97,50,62,D,52
142,77,47,63,16,90,D,56
142,60,29,90,93,15,D,51
142,57,51,99,21,6,D,34
142,33,40,33,41,66,D,45
142,10,95,41,95,61,D,61
142,35,36,89,59,72,D,64
142,49,37,48,59,38,D,42
143,11,37,92,67,45,D,57
143,89,30,37,60,32,D,43
143,51,10,13,86,57,D,44
143,32,61,47,72,57,D,56
143,10,78,100,7,25,D,43
143,88,88,76,30,90,D,64
143,34,6,61,79,48,D,51
143,62,1,68,50,68,D,55
143,98,18,11,51,9,D,29
143,30,84,37,97,57,D,60
144,45,96,99,98,45,D,75
144,29,87,6,63,32,D,38
144,95,14,55,26,3,D,23
144,44,29,98,63,60,D,55
144,50,71,70,25,65,D,55
144,94,37,53,77,4,D,42
144,4,54,26,83,52,D,45
144,12,17,90,21,19,D,28
144,26,1,14,27,40,D,23
144,97,75,2,54,83,D,59
145,36,4,8,57,73,D,43
145,34,77,75,38,84,D,59
145,54,90,74,21,84,D,63
145,61,67,86,83,47,D,64
145,14,28,35,62,20,D,28
145,4,61,68,90,93,D,68
145,73,87,64,3,61,D,52
145,69,86,40,59,72,D,62
145,28,52,67,55,78,D,58
145,64,96,52,81,37,D,57
146,85,94,14,33,88,D,58
146,81,9,32,72,92,D,55
146,4,6,78,37,96,D,56
146,37,19,86,55,3,D,32
146,63,58,89,52,81,D,69
146,4,100,16,85,17,D,38
146,32,93,92,58,95,D,77
146,28,54,72,26,7,D,27
146,94,58,76,83,45,D,66
146,86,45,14,67,36,D,39
147,40,30,26,18,40,D,26
147,81,66,37,40,55,D,49
147,58,30,49,1,98,D,45
147,66,50,64,74,83,D,72
147,33,46,25,6,20,D,21
147,78,17,4,33,35,D,26
147,23,7,93,35,21,D,37
147,68,6,46,55,51,D,40
147,42,25,62,51,90,D,56
147,85,59,5,42,37,D,37
148,71,73,34,26,28,D,36
148,63,62,2,82,16,D,43
148,65,16,87,19,7,D,34
148,77,52,78,72,19,D,47
148,70,76,60,23,91,D,56
148,8,89,3,90,65,D,51
148,23,31,81,31,3,D,27
148,14,26,12,77,91,D,50
148,71,14,28,5,61,D,36
148,14,81,14,42,97,D,54
149,31,45,18,62,76,D,49
149,58,36,58,41,63,D,51
149,73,15,69,57,59,D,52
149,88,92,95,80,66,D,78
149,67,3,92,57,53,D,50
149,49,90,54,39,85,D,65
149,47,23,33,36,94,D,53
149,33,18,35,9,23,D,15
149,45,86,84,84,63,D,73
149,81,11,26,83,50,D,47
150,44,83,21,65,42,D,44
150,82,48,51,11,41,D,37
150,69,30,22,33,68,D,37
150,15,24,64,57,64,D,51
150,80,10,20,18,26,D,25
150,25,82,42,37,43,D,41
150,38,53,98,22,78,D,56
150,50,10,99,14,10,D,35
150,83,71,35,15,71,D,43
150,50,70,83,51,72,D,67
151,39,72,63,97,87,E,84
151,57,46,83,88,71,E,76
151,85,83,35,64,80,E,72
151,27,12,52,39,59,E,47
151,39,55,10,25,85,E,51
151,99,22,38,27,52,E,49
151,33,46,1,21,4,E,21
151,81,81,29,18,43,E,48
151,18,13,21,95,97,E,67
151,11,91,74,70,12,E,58
152,72,67,84,18,7,E,48
152,28,8,49,38,53,E,45
152,100,65,86,52,92,E,81
152,3,87,74,64,61,E,68
152,62,43,4,98,49,E,60
152,96,20,50,35,32,E,47
152,18,72,70,69,91,E,74
152,20,23,45,81,77,E,62
152,60,94,11,36,78,E,61
152,30,69,12,90,43,E,55
153,86,20,74,25,6,E,39
153,70,74,28,39,43,E,51
153,37,90,64,3,2,E,37
153,47,26,61,67,67,E,63
153,84,54,45,69,38,E,61
153,44,47,69,24,93,E,63
153,89,39,74,15,96,E,70
153,29,49,33,1,14,E,27
153,82,70,89,70,12,E,65
153,73,35,49,52,19,E,46
154,70,98,67,6,77,E,63
154,71,51,83,69,26,E,60
154,71,43,8,11,14,E,26
154,93,18,25,77,48,E,54
154,83,41,53,62,43,E,59
154,48,30,58,20,35,E,42
154,38,40,97,37,97,E,74
154,4,72,98,3,10,E,42
154,32,56,3,63,2,E,36
154,87,18,86,61,12,E,55
155,31,27,37,39,24,E,35
155,89,30,79,37,70,E,65
155,11,3,21,1,80,E,35
155,58,80,77,61,93,E,83
155,53,43,83,34,38,E,53
155,41,98,66,66,80,E,79
155,80,39,4,25,20,E,32
155,82,15,89,66,5,E,50
155,27,14,4,2,31,E,23
155,14,87,19,56,70,E,57
156,94,10,92,16,6,E,42
156,85,66,42,84,12,E,56
156,16,16,60,37,79,E,52
156,83,12,70,65,3,E,46
156,87,56,33,98,48,E,70
156,32,42,88,20,2,E,40
156,45,64,40,90,12,E,55
156,38,10,91,53,81,E,67
156,91,22,68,7,14,E,38
156,85,68,91,71,12,E,65
157,42,21,43,22,55,E,41
157,22,14,3,17,1,E,16
157,34,15,100,41,98,E,72
157,64,81,53,19,72,E,63
157,82,4,63,93,72,E,72
157,2,33,91,73,80,E,70
157,66,51,35,8,5,E,32
157,54,61,62,11,7,E,36
157,100,43,70,63,6,E,56
157,100,23,69,62,58,E,67
158,84,30,22,92,67,E,68
158,77,11,55,43,71,E,59
158,80,95,40,12,46,E,52
158,65,94,50,34,68,E,63
158,19,43,33,9,75,E,46
158,80,72,87,12,47,E,57
158,95,2,17,77,44,E,51
158,97,12,40,37,44,E,49
158,92,38,41,36,84,E,64
158,37,34,27,27,53,E,41
159,37,24,15,75,57,E,49
159,24,23,95,19,40,E,45
159,62,60,57,34,87,E,66
159,82,46,70,33,28,E,50
159,13,21,34,20,15,E,25
159,28,79,34,79,25,E,55
159,79,21,60,70,98,E,74
159,10,68,67,50,19,E,51
159,61,1,22,10,39,E,29
159,99,97,28,8,94,E,64
160,76,62,52,49,17,E,50
160,80,9,52,94,6,E,52
160,75,92,42,4,3,E,39
160,40,53,16,8,59,E,38
160,68,87,45,10,49,E,49
160,53,61,76,70,70,E,76
160,44,9,55,81,57,E,61
160,60,98,41,54,31,E,58
160,63,68,84,59,49,E,70
160,1,88,51,73,5,E,50
161,93,51,64,2,77,E,61
161,23,20,40,59,92,E,62
161,62,42,82,16,71,E,60
161,69,46,74,39,23,E,53
161,37,52,75,52,16,E,52
161,68,31,44,70,56,E,59
161,37,65,50,58,29,E,51
161,92,86,43,7,47,E,50
161,60,83,8,94,37,E,58
161,56,87,8,93,86,E,75
162,47,87,36,93,92,E,82
162,9,63,100,64,87,E,75
162,14,65,23,82,11,E,45
162,72,4,87,43,85,E,68
162,5,27,22,12,76,E,41
162,35,2,100,70,97,E,73
162,20,51,66,10,53,E,45
162,60,62,2,79,97,E,71
162,90,23,47,91,65,E,70
162,13,13,65,10,64,E,41
163,61,86,91,98,46,E,83
163,76,95,4,73,95,E,77
163,27,78,34,75,9,E,46
163,18,1,39,8,28,E,28
163,80,82,92,22,69,E,68
163,68,28,32,79,6,E,46
163,63,59,34,5,88,E,56
163,95,14,23,14,9,E,29
163,57,88,23,69,90,E,76
163,5,13,4,49,81,E,43
164,70,95,37,82,65,E,77
164,16,7,51,89,51,E,54
164,90,86,19,95,1,E,54
164,32,35,23,56,89,E,61
164,87,92,64,68,88,E,86
164,60,66,16,6,75,E,49
164,56,22,7,89,24,E,43
164,71,20,92,19,40,E,52
164,56,87,50,42,5,E,49
164,3,94,98,79,23,E,67
165,19,43,1,70,29,E,42
165,48,75,18,16,43,E,41
165,6,13,18,2,80,E,34
165,73,33,54,29,12,E,40
165,37,1,85,57,97,E,69
165,25,43,74,23,63,E,53
165,99,31,85,44,3,E,47
165,82,14,65,21,74,E,56
165,53,43,89,8,96,E,65
165,32,92,14,92,85,E,76
166,66,97,7,22,22,E,42
166,55,79,54,98,4,E,60
166,66,19,51,83,7,E,48
166,35,59,73,2,20,E,38
166,41,67,99,65,7,E,60
166,7,32,93,8,74,E,54
166,87,28,69,57,63,E,64
166,39,50,100,45,26,E,56
166,45,52,40,31,47,E,48
166,28,29,87,20,10,E,36
167,10,84,97,81,1,E,57
167,35,86,76,57,26,E,61
167,68,40,18,100,50,E,63
167,10,19,28,66,38,E,41
167,13,56,38,24,2,E,27
167,19,82,91,24,57,E,61
167,52,48,20,93,22,E,51
167,70,89,20,18,72,E,56
167,19,4,43,99,76,E,66
167,93,85,18,69,29,E,55
168,23,88,30,34,62,E,56
168,74,78,24,52,92,E,69
168,87,53,41,40,92,E,68
168,79,1,63,36,2,E,34
168,4,92,25,69,16,E,47
168,9,15,98,23,22,E,40
168,3,80,68,92,15,E,57
168,85,40,44,35,31,E,45
168,98,35,1,25,28,E,36
168,34,1,76,51,9,E,39
169,71,4,63,45,71,E,59
169,43,60,50,61,68,E,66
169,9,94,90,95,54,E,76
169,44,92,94,87,66,E,86
169,50,65,45,11,71,E,52
169,49,10,86,73,33,E,55
169,57,81,40,34,45,E,52
169,69,25,20,38,56,E,48
169,92,3,63,13,97,E,60
169,22,48,43,99,15,E,54
170,75,59,99,87,27,E,72
170,39,66,13,58,83,E,62
170,68,88,61,3,10,E,39
170,30,97,29,7,94,E,61
170,6,14,40,60,67,E,49
170,11,16,78,6,31,E,34
170,74,97,74,75,12,E,66
170,42,25,5,28,74,E,44
170,99,54,89,80,91,E,89
170,57,22,68,47,36,E,49
171,18,49,44,42,71,E,56
171,87,55,78,39,6,E,50
171,49,53,48,94,62,E,69
171,5,30,22,100,47,E,52
171,73,12,18,71,95,E,63
171,68,79,49,28,86,E,69
171,54,34,77,33,87,E,67
171,34,1,97,29,92,E,64
171,25,17,26,34,89,E,50
171,26,21,50,44,24,E,40
172,95,100,82,73,83,E,88
172,45,68,92,47,94,E,77
172,23,5,94,50,73,E,63
172,88,31,69,23,90,E,65
172,37,61,21,67,80,E,63
172,78,13,100,44,48,E,62
172,33,43,59,71,20,E,49
172,36,2,53,2,28,E,27
172,19,57,69,55,87,E,71
172,35,27,71,72,8,E,46
173,61,60,53,17,71,E,54
173,40,82,49,4,61,E,53
173,3,89,59,64,59,E,62
173,69,65,27,4,71,E,48
173,61,90,33,38,11,E,43
173,53,18,3,18,93,E,47
173,39,72,17,96,11,E,50
173,32,16,7,22,89,E,45
173,34,11,72,51,28,E,44
173,56,37,80,22,77,E,59
174,99,70,10,71,22,E,55
174,90,16,55,56,76,E,67
174,48,28,45,42,30,E,41
174,83,48,38,47,91,E,67
174,49,60,47,95,27,E,63
174,18,27,21,12,19,E,23
174,70,37,42,35,40,E,46
174,28,23,81,45,34,E,50
174,50,47,23,25,3,E,27
174,36,24,85,69,69,E,66
175,94,15,87,4,28,E,44
175,99,64,43,54,65,E,69
175,43,36,96,42,16,E,48
175,49,41,95,1,70,E,58
175,74,56,65,23,54,E,56
175,32,84,74,26,15,E,45
175,42,62,76,45,96,E,72
175,41,98,76,97,58,E,79
175,81,94,96,46,48,E,72
175,24,88,48,92,30,E,63
176,77,42,7,31,34,E,40
176,68,36,39,14,13,E,31
176,85,68,90,11,88,E,73
176,59,10,60,52,18,E,41
176,37,9,29,21,82,E,49
176,8,19,64,89,50,E,58
176,30,29,85,97,21,E,61
176,63,71,58,40,7,E,45
176,33,48,7,7,65,E,41
176,81,11,86,36,95,E,72
177,20,35,27,61,98,E,60
177,81,88,38,28,19,E,47
177,99,1,85,77,46,E,66
177,22,11,50,71,82,E,60
177,87,69,75,7,78,E,64
177,46,72,54,91,64,E,74
177,96,16,55,4,84,E,57
177,56,25,69,77,54,E,63
177,94,46,11,79,96,E,74
177,88,80,17,7,26,E,38
178,98,2,24,81,50,E,56
178,5,35,68,66,47,E,57
178,87,88,16,46,100,E,71
178,58,86,1,74,16,E,47
178,12,64,67,6,60,E,52
178,88,9,51,33,74,E,56
178,73,58,96,65,64,E,77
178,32,39,84,61,76,E,70
178,83,49,94,84,31,E,71
178,72,94,60,80,65,E,78
179,44,2,37,87,60,E,56
179,21,13,7,43,56,E,37
179,37,6,33,18,90,E,47
179,91,79,30,13,95,E,63
179,75,57,86,30,15,E,51
179,56,35,30,88,22,E,51
179,47,39,5,90,54,E,54
179,9,55,29,68,20,E,45
179,56,1,75,30,2,E,34
179,42,6,79,42,21,E,42
180,53,76,72,53,57,E,67
180,18,68,32,47,16,E,38
180,65,53,37,39,49,E,52
180,87,32,4,73,19,E,41
180,3,27,27,81,82,E,59
180,46,44,62,75,3,E,48
180,47,25,62,52,41,E,52
180,100,87,33,39,10,E,48
180,51,73,24,68,98,E,74
180,82,88,68,37,60,E,67
181,15,5,65,94,73,E,64
181,28,63,55,64,21,E,52
181,95,28,100,70,100,E,84
181,2,36,58,72,75,E,62
181,20,12,50,19,79,E,48
181,96,84,33,4,87,E,61
181,100,16,25,56,29,E,47
181,77,11,68,44,54,E,56
181,59,29,59,90,17,E,54
181,93,20,18,20,30,E,36
182,7,17,23,29,8,E,23
182,1,79,22,7,92,E,52
182,25,73,34,18,33,E,39
182,7,5,3,70,97,E,55
182,84,59,42,1,91,E,61
182,60,44,8,16,91,E,49
182,49,31,10,8,42,E,30
182,26,24,34,30,78,E,48
182,88,31,84,77,13,E,58
182,77,24,33,61,38,E,49
183,35,72,27,83,67,E,68
183,25,33,98,52,34,E,54
183,92,86,12,7,29,E,39
183,51,22,79,3,91,E,59
183,62,51,100,97,96,E,92
183,19,81,90,100,77,E,86
183,7,61,3,11,58,E,37
183,43,33,92,11,91,E,62
183,71,48,80,20,83,E,64
183,52,9,34,100,85,E,71
184,77,5,94,1,48,E,47
184,26,33,19,81,89,E,64
184,58,35,64,42,59,E,60
184,46,33,3,59,46,E,42
184,73,68,42,25,75,E,61
184,58,55,78,44,33,E,57
184,36,24,42,71,99,E,67
184,94,62,17,64,18,E,47
184,83,48,54,58,86,E,73
184,13,3,68,50,80,E,56
185,84,77,6,91,83,E,73
185,85,44,4,72,71,E,60
185,75,1,11,1,8,E,20
185,65,2,31,55,85,E,59
185,68,90,50,2,26,E,42
185,26,79,59,85,2,E,53
185,85,41,25,69,62,E,61
185,69,38,66,12,64,E,51
185,27,97,20,84,91,E,77
185,95,87,61,50,23,E,57
186,92,49,67,1,42,E,48
186,36,92,58,92,28,E,64
186,50,4,4,88,31,E,42
186,94,38,78,100,32,E,70
186,34,85,1,19,20,E,35
186,56,24,17,58,83,E,56
186,17,29,53,28,20,E,37
186,79,99,91,93,90,E,99
186,84,39,45,62,23,E,51
186,62,1,82,48,26,E,48
187,48,40,30,59,86,E,63
187,8,4,12,68,5,E,27
187,24,4,54,15,64,E,43
187,76,76,81,37,34,E,61
187,51,4,91,73,22,E,54
187,69,43,47,29,53,E,49
187,9,35,63,73,18,E,46
187,25,66,41,85,24,E,55
187,86,100,17,66,44,E,61
187,35,65,43,92,83,E,77
188,24,92,43,21,21,E,42
188,52,23,16,70,100,E,67
188,60,65,6,10,65,E,43
188,37,22,56,73,30,E,51
188,43,15,9,41,7,E,28
188,48,91,11,18,83,E,55
188,12,97,26,99,60,E,68
188,61,66,63,31,88,E,66
188,38,40,100,39,49,E,62
188,77,29,48,74,69,E,64
189,60,40,73,82,21,E,56
189,63,79,28,2,44,E,43
189,81,1,37,3,25,E,29
189,89,3,88,69,13,E,51
189,57,57,64,9,98,E,63
189,92,19,66,31,3,E,40
189,82,79,96,86,23,E,71
189,20,39,34,79,13,E,46
189,61,46,12,34,47,E,43
189,17,50,86,78,37,E,63
190,6,19,37,20,84,E,47
190,80,99,13,78,19,E,56
190,37,3,97,83,36,E,58
190,80,29,90,56,62,E,69
190,90,50,36,90,50,E,67
190,81,92,92,4,27,E,55
190,9,34,27,31,19,E,31
190,50,66,3,37,100,E,58
190,52,11,93,87,83,E,76
190,4,44,26,91,39,E,51
191,12,60,9,95,50,E,59
191,8,21,21,88,33,E,46
191,91,92,23,10,34,E,47
191,35,91,54,94,33,E,66
191,37,4,100,14,65,E,52
191,93,94,18,67,48,E,63
191,35,80,11,70,88,E,68
191,31,36,92,16,5,E,38
191,2,53,18,41,44,E,39
191,52,97,10,12,27,E,38
192,71,58,72,60,91,E,76
192,15,10,5,54,47,E,39
192,90,1,7,87,52,E,53
192,28,2,35,58,38,E,44
192,13,15,100,20,45,E,46
192,28,3,12,9,20,E,20
192,74,78,74,73,41,E,68
192,75,1,40,42,23,E,36
192,69,5,92,81,82,E,76
192,16,71,74,51,52,E,60
193,39,60,68,48,44,E,58
193,79,35,88,28,11,E,49
193,93,57,28,84,13,E,56
193,4,100,92,58,11,E,59
193,88,78,51,68,72,E,74
193,3,33,37,65,16,E,41
193,35,63,85,31,100,E,73
193,51,33,100,22,30,E,50
193,39,72,18,1,20,E,32
193,29,72,25,7,30,E,33
194,98,23,93,51,29,E,59
194,18,61,67,73,20,E,55
194,59,27,37,100,48,E,64
194,79,42,58,54,56,E,59
194,18,72,32,92,92,E,74
194,4,67,83,50,100,E,74
194,39,10,92,6,9,E,33
194,43,29,47,39,54,E,48
194,17,28,13,5,40,E,25
194,93,27,35,91,23,E,53
195,99,77,30,23,25,E,48
195,90,8,58,94,41,E,61
195,32,35,71,48,70,E,59
195,44,74,61,72,41,E,64
195,81,60,7,94,44,E,59
195,68,32,72,52,54,E,62
195,80,15,50,81,2,E,48
195,75,64,38,7,90,E,57
195,65,58,87,85,20,E,67
195,38,36,39,80,35,E,54
196,39,52,2,20,63,E,43
196,93,49,64,95,62,E,77
196,94,69,48,87,99,E,86
196,5,92,8,49,62,E,50
196,47,37,3,48,84,E,54
196,47,16,48,1,48,E,35
196,58,67,86,59,77,E,75
196,50,38,98,61,100,E,84
196,31,87,81,84,18,E,63
196,95,27,68,66,68,E,71
197,97,42,35,23,44,E,48
197,16,36,71,17,50,E,48
197,15,33,38,11,8,E,23
197,70,83,45,81,3,E,54
197,93,87,17,10,47,E,48
197,35,1,58,42,7,E,36
197,55,84,1,20,78,E,55
197,4,83,67,13,28,E,42
197,93,2,36,9,81,E,49
197,91,70,76,50,49,E,69
198,20,92,83,69,70,E,76
198,88,87,13,89,8,E,56
198,86,76,98,58,11,E,63
198,35,77,31,54,4,E,41
198,27,95,94,21,5,E,47
198,53,81,86,21,79,E,67
198,59,25,39,82,85,E,71
198,85,46,64,87,5,E,58
198,66,90,36,85,97,E,86
198,82,74,6,71,98,E,75
199,1,38,46,52,48,E,47
199,80,30,63,65,43,E,61
199,99,69,53,50,72,E,72
199,74,47,29,74,78,E,68
199,63,1,77,47,34,E,52
199,70,67,18,99,92,E,79
199,55,60,16,68,51,E,56
199,33,14,95,65,50,E,60
199,71,46,88,95,31,E,68
199,41,11,61,10,17,E,31
200,74,78,85,65,24,E,63
200,28,39,30,33,40,E,40
200,4,27,7,61,62,E,44
200,70,96,63,58,7,E,57
200,93,61,51,90,55,E,73
200,93,33,60,30,54,E,53
200,45,84,61,85,88,E,82
200,59,37,37,65,86,E,64
200,4,28,80,91,88,E,74
200,46,2,77,57,8,E,44
201,53,34,54,44,45,M,44
201,78,14,85,28,66,M,52
201,92,2,36,20,8,M,23
201,73,54,35,28,46,M,43
201,91,21,79,19,29,M,41
201,84,53,18,75,19,M,46
201,26,87,98,34,55,M,61
201,77,23,65,66,48,M,55
201,40,30,75,88,85,M,71
201,76,81,57,92,56,M,70
202,97,28,69,47,35,M,49
202,23,38,61,29,5,M,30
202,54,38,3,54,19,M,32
202,8,97,17,14,68,M,43
202,57,60,63,75,55,M,61
202,24,41,70,16,48,M,41
202,94,50,20,82,67,M,64
202,99,84,14,50,32,M,50
202,12,91,60,83,6,M,52
202,23,57,59,42,55,M,49
203,93,18,42,72,50,M,56
203,42,83,96,73,82,M,79
203,6,6,18,53,37,M,32
203,56,87,89,15,21,M,45
203,10,44,71,74,35,M,52
203,54,43,64,96,99,M,79
203,65,63,78,35,59,M,57
203,5,87,63,10,80,M,51
203,23,21,88,97,75,M,72
203,71,65,47,45,90,M,64
204,44,37,34,94,72,M,61
204,25,90,98,100,86,M,86
204,59,22,64,65,60,M,57
204,9,62,9,17,40,M,28
204,84,89,63,50,84,M,71
204,24,26,13,30,26,M,26
204,55,37,75,88,94,M,78
204,82,83,36,59,30,M,54
204,9,73,29,84,81,M,62
204,51,25,90,74,92,M,72
205,47,54,34,93,71,M,62
205,69,20,9,32,49,M,36
205,75,34,62,15,10,M,30
205,80,97,21,99,10,M,57
205,82,37,62,71,54,M,63
205,62,23,3,41,55,M,39
205,79,48,75,94,62,M,75
205,76,24,53,73,54,M,57
205,17,98,59,92,36,M,64
205,30,24,79,64,16,M,42
206,66,9,10,25,69,M,38
206,43,95,67,86,70,M,77
206,73,46,77,30,1,M,39
206,22,69,7,55,84,M,54
206,18,60,82,60,50,M,58
206,27,96,11,18,91,M,53
206,52,27,22,6,26,M,21
206,38,78,76,39,14,M,47
206,8,55,23,80,98,M,66
206,65,70,22,60,33,M,46
207,62,67,56,6,40,M,44
207,8,10,43,44,58,M,42
207,10,92,86,84,62,M,74
207,42,62,89,15,67,M,56
207,18,9,85,52,53,M,48
207,90,43,75,56,38,M,55
207,98,68,55,72,98,M,80
207,66,92,32,20,40,M,44
207,14,4,17,100,9,M,33
207,54,59,16,87,18,M,44
208,5,62,47,59,38,M,45
208,8,28,59,18,77,M,47
208,4,47,41,39,51,M,42
208,17,46,69,49,6,M,35
208,16,89,12,98,32,M,53
208,28,87,87,95,75,M,82
208,89,45,89,71,83,M,76
208,43,96,69,6,31,M,44
208,20,28,54,99,60,M,59
208,80,79,10,41,36,M,44
209,76,74,76,58,97,M,78
209,47,31,5,95,32,M,43
209,66,62,54,78,63,M,65
209,73,40,98,16,66,M,59
209,80,3,86,24,28,M,41
209,27,71,96,28,30,M,48
209,21,86,97,11,39,M,49
209,15,59,31,95,80,M,67
209,22,34,98,69,56,M,60
209,3,37,15,58,41,M,36
210,86,89,1,74,92,M,68
210,77,83,65,73,84,M,78
210,91,41,37,78,100,M,74
210,64,86,80,81,50,M,71
210,34,95,97,22,4,M,46
210,97,65,96,78,23,M,66
210,83,19,70,62,80,M,63
210,36,87,43,44,62,M,55
210,68,22,60,81,41,M,56
210,13,10,10,54,7,M,23
211,20,13,57,98,46,M,54
211,10,91,42,91,87,M,72
211,80,67,44,30,75,M,57
211,57,87,56,90,21,M,57
211,49,14,5,100,79,M,55
211,35,97,9,71,91,M,65
211,9,33,69,54,9,M,34
211,82,96,1,13,87,M,51
211,8,58,13,38,26,M,28
211,79,95,33,9,51,M,46
212,27,61,86,55,29,M,52
212,5,98,46,81,17,M,49
212,81,23,44,5,56,M,41
212,31,59,68,34,13,M,38
212,20,26,13,54,21,M,28
212,63,61,16,7,11,M,23
212,20,95,74,86,49,M,66
212,45,74,84,1,52,M,49
212,97,85,53,79,94,M,84
212,24,17,5,65,83,M,48
213,60,21,45,32,29,M,37
213,63,56,21,30,5,M,26
213,57,20,82,16,1,M,30
213,59,39,6,38,14,M,25
213,98,53,62,40,71,M,64
213,33,50,50,2,7,M,23
213,99,51,100,65,61,M,72
213,55,25,38,57,73,M,51
213,42,22,42,28,3,M,22
213,80,77,72,68,46,M,66
214,81,28,17,60,66,M,49
214,59,81,21,96,82,M,71
214,56,51,31,95,34,M,55
214,80,89,59,55,99,M,76
214,54,41,24,19,86,M,47
214,98,1,25,83,26,M,44
214,49,73,82,52,22,M,51
214,44,29,94,18,65,M,50
214,12,80,33,15,55,M,42
214,89,83,85,85,20,M,67
215,13,21,91,86,33,M,52
215,25,51,93,99,59,M,73
215,61,42,81,83,16,M,53
215,41,33,56,10,9,M,24
215,81,82,54,74,78,M,73
215,49,50,63,10,83,M,53
215,22,50,34,96,27,M,48
215,8,8,55,20,46,M,33
215,53,78,63,35,52,M,53
215,48,55,51,51,48,M,49
216,43,3,66,50,9,M,35
216,18,21,2,3,90,M,35
216,24,13,51,44,76,M,50
216,59,82,71,62,43,M,62
216,1,2,44,91,49,M,45
216,30,5,84,84,1,M,42
216,13,21,23,31,36,M,27
216,92,36,39,68,13,M,41
216,56,67,7,86,74,M,62
216,49,20,24,39,6,M,26
217,37,38,9,92,81,M,57
217,99,34,12,19,35,M,34
217,52,98,100,65,92,M,83
217,53,7,43,33,73,M,47
217,12,60,13,20,5,M,19
217,87,64,79,66,47,M,65
217,73,56,36,67,3,M,42
217,87,56,22,17,88,M,53
217,60,19,26,10,5,M,16
217,47,92,74,14,98,M,67
218,57,50,21,11,94,M,47
218,11,25,51,100,75,M,64
218,15,66,71,17,77,M,55
218,58,6,27,58,8,M,32
218,72,83,55,11,66,M,54
218,11,98,54,40,58,M,53
218,8,19,76,50,31,M,42
218,56,100,64,62,81,M,76
218,86,30,64,87,14,M,51
218,20,1,12,40,58,M,33
219,95,52,4,47,81,M,57
219,74,42,83,29,36,M,50
219,62,23,34,63,24,M,39
219,8,72,36,44,57,M,46
219,59,27,47,67,24,M,43
219,65,45,100,3,86,M,60
219,49,24,58,15,38,M,35
219,30,68,27,19,17,M,30
219,93,22,18,77,36,M,44
219,64,58,56,41,7,M,38
220,81,34,93,24,25,M,48
220,42,45,96,100,20,M,62
220,48,64,38,69,99,M,69
220,54,65,4,63,4,M,35
220,37,65,41,86,43,M,56
220,38,64,98,44,87,M,70
220,58,16,35,94,27,M,46
220,45,76,82,74,100,M,81
220,51,20,98,46,65,M,60
220,31,8,81,99,38,M,57
221,63,27,25,77,25,M,43
221,34,41,22,19,70,M,40
221,27,91,54,8,28,M,36
221,90,41,17,89,62,M,62
221,34,39,29,71,47,M,45
221,38,85,77,39,84,M,66
221,79,44,1,94,82,M,66
221,33,49,58,44,2,M,32
221,64,9,87,48,45,M,53
221,68,84,48,47,50,M,54
222,29,78,46,60,3,M,39
222,100,36,34,86,9,M,45
222,59,78,29,93,44,M,61
222,44,61,57,8,97,M,58
222,81,98,21,27,69,M,55
222,100,39,37,50,59,M,53
222,38,94,86,79,97,M,87
222,43,55,28,37,73,M,48
222,27,39,37,22,30,M,29
222,13,92,61,87,36,M,63
223,72,17,50,1,93,M,49
223,30,6,15,97,56,M,48
223,19,64,2,50,55,M,40
223,9,44,26,86,64,M,52
223,61,93,29,90,50,M,65
223,58,56,59,6,17,M,34
223,29,67,46,91,91,M,73
223,100,58,20,45,4,M,35
223,25,73,45,80,68,M,62
223,80,47,56,33,59,M,51
224,36,32,55,54,7,M,37
224,67,79,64,54,80,M,72
224,28,71,40,42,58,M,48
224,18,46,81,49,91,M,63
224,95,28,59,64,39,M,53
224,38,98,34,44,80,M,60
224,29,82,11,61,21,M,42
224,62,53,62,23,40,M,46
224,66,85,44,76,48,M,60
224,59,33,23,86,26,M,45
225,36,66,12,41,73,M,47
225,61,68,30,14,18,M,33
225,64,83,55,7,24,M,38
225,72,11,96,21,29,M,40
225,42,10,24,29,99,M,49
225,28,56,68,3,98,M,55
225,68,27,54,81,42,M,57
225,77,48,80,56,89,M,70
225,48,97,95,29,90,M,75
225,17,24,45,17,42,M,34
226,100,74,5,5,67,M,45
226,20,38,13,69,95,M,58
226,79,23,63,76,65,M,65
226,91,24,37,70,15,M,44
226,49,85,34,79,84,M,70
226,55,42,62,36,4,M,36
226,21,39,64,87,8,M,45
226,68,100,6,63,95,M,66
226,24,81,78,54,39,M,55
226,29,26,30,13,100,M,46
227,6,38,9,61,73,M,48
227,62,66,21,64,82,M,63
227,69,56,77,28,55,M,55
227,44,83,52,96,44,M,66
227,37,22,25,73,33,M,41
227,23,52,26,87,19,M,41
227,67,57,15,17,79,M,48
227,69,72,67,5,22,M,38
227,64,90,5,52,22,M,40
227,56,97,66,80,67,M,76
228,30,20,62,44,12,M,32
228,90,100,45,45,20,M,51
228,22,33,89,65,26,M,49
228,57,13,69,44,25,M,42
228,42,34,71,38,72,M,56
228,21,38,25,2,85,M,37
228,33,61,31,49,43,M,46
228,39,79,25,25,77,M,52
228,76,49,87,82,12,M,54
228,36,56,64,4,98,M,56
229,47,45,95,47,99,M,71
229,79,98,50,38,96,M,71
229,28,14,20,13,99,M,43
229,70,100,94,57,76,M,76
229,12,30,39,33,18,M,27
229,47,69,32,94,74,M,68
229,88,86,22,12,4,M,32
229,62,38,60,16,83,M,53
229,11,82,67,11,35,M,42
229,61,30,25,8,59,M,36
230,59,18,80,15,97,M,58
230,69,40,35,27,27,M,33
230,15,43,4,97,83,M,58
230,49,81,76,65,14,M,51
230,73,24,38,25,57,M,43
230,65,91,70,6,17,M,42
230,79,93,5,57,17,M,43
230,52,82,55,17,13,M,37
230,50,13,55,95,43,M,54
230,41,85,80,16,20,M,46
231,12,23,55,75,52,M,50
231,14,96,53,9,28,M,38
231,90,27,91,39,98,M,72
231,38,64,97,75,42,M,65
231,83,66,69,43,73,M,67
231,43,28,71,92,3,M,46
231,93,52,90,31,31,M,52
231,25,40,35,88,49,M,51
231,49,57,14,56,42,M,42
231,36,8,90,51,86,M,60
232,15,63,48,28,66,M,45
232,99,52,73,3,17,M,39
232,8,35,48,53,43,M,40
232,50,64,69,94,32,M,61
232,82,63,29,39,88,M,62
232,34,39,45,65,36,M,43
232,1,13,13,1,5,M,5
232,80,21,52,68,98,M,70
232,5,27,19,43,97,M,49
232,72,53,69,16,26,M,42
233,66,100,77,7,56,M,58
233,45,28,38,79,59,M,56
233,15,57,17,90,83,M,59
233,88,17,73,72,16,M,50
233,38,15,61,9,94,M,48
233,96,47,31,77,67,M,64
233,47,28,63,37,49,M,45
233,64,92,98,9,52,M,60
233,9,28,36,86,19,M,42
233,52,62,23,13,16,M,26
234,90,48,81,52,79,M,71
234,34,40,1,63,23,M,34
234,20,71,43,17,79,M,49
234,60,54,83,97,67,M,76
234,46,75,7,14,41,M,34
234,97,15,79,76,17,M,55
234,10,27,19,70,81,M,52
234,24,44,27,23,4,M,22
234,47,63,99,83,13,M,57
234,92,12,57,84,82,M,71
235,46,74,52,6,66,M,47
235,31,8,3,53,27,M,28
235,47,90,67,92,82,M,79
235,79,49,8,42,37,M,41
235,91,56,92,63,47,M,69
235,15,9,8,30,16,M,17
235,60,90,99,75,28,M,67
235,61,12,98,18,86,M,60
235,53,22,67,48,12,M,39
235,13,78,30,93,56,M,60
236,16,51,91,78,97,M,75
236,97,23,85,6,91,M,58
236,73,83,88,52,59,M,70
236,7,10,19,37,24,M,23
236,60,27,32,58,68,M,54
236,7,57,94,89,97,M,79
236,22,78,14,50,29,M,40
236,71,32,49,68,95,M,70
236,22,24,52,30,52,M,38
236,24,79,38,81,89,M,71
237,55,77,91,60,62,M,69
237,77,91,43,31,95,M,68
237,35,9,2,36,76,M,39
237,43,87,26,81,22,M,52
237,73,84,35,30,97,M,66
237,54,1,64,57,81,M,55
237,49,83,27,73,81,M,65
237,53,69,70,33,33,M,46
237,22,8,65,90,39,M,53
237,55,57,58,98,88,M,76
238,36,88,40,57,88,M,66
238,49,2,3,100,99,M,62
238,100,31,88,58,100,M,77
238,50,96,10,75,4,M,41
238,34,50,90,11,46,M,44
238,11,90,59,91,66,M,68
238,15,97,55,56,39,M,55
238,75,62,55,97,39,M,65
238,94,12,60,96,52,M,63
238,65,15,87,100,45,M,67
239,95,7,10,67,14,M,35
239,46,25,48,59,3,M,33
239,70,13,36,67,55,M,49
239,13,95,14,89,68,M,60
239,74,51,71,87,20,M,57
239,88,76,23,59,29,M,46
239,67,21,28,36,78,M,47
239,44,21,31,94,48,M,52
239,46,97,63,37,100,M,70
239,49,82,13,60,57,M,52
240,49,46,54,49,52,M,49
240,48,45,95,58,45,M,60
240,8,87,100,89,40,M,66
240,3,34,83,2,8,M,26
240,35,38,8,61,34,M,38
240,91,56,15,98,75,M,68
240,97,96,63,3,15,M,41
240,6,63,85,87,53,M,66
240,67,92,14,33,64,M,51
240,23,17,63,77,90,M,63
241,94,80,64,7,92,M,64
241,79,24,74,68,6,M,45
241,85,67,82,17,23,M,47
241,23,75,8,93,60,M,59
241,58,78,70,12,60,M,52
241,24,11,17,77,100,M,57
241,36,34,60,67,51,M,52
241,74,50,76,9,82,M,60
241,13,55,74,92,19,M,52
241,80,29,67,41,30,M,43
242,61,5,4,23,19,M,19
242,87,66,60,99,42,M,69
242,61,55,81,93,25,M,64
242,51,29,21,39,47,M,39
242,37,67,88,54,44,M,57
242,11,17,78,84,93,M,70
242,60,11,97,59,11,M,45
242,58,29,25,32,44,M,37
242,77,14,26,9,10,M,20
242,49,67,14,83,86,M,63
243,37,59,34,65,27,M,44
243,97,63,20,21,19,M,35
243,33,10,88,44,6,M,34
243,35,31,49,7,69,M,41
243,30,92,35,8,3,M,29
243,49,39,89,96,36,M,63
243,72,47,2,14,25,M,28
243,53,59,24,42,8,M,35
243,56,21,62,38,8,M,35
243,11,98,76,56,79,M,69
244,20,2,33,76,20,M,35
244,49,68,88,94,3,M,57
244,40,87,91,99,10,M,63
244,31,69,63,54,32,M,52
244,28,44,49,78,50,M,53
244,49,9,10,79,53,M,46
244,84,85,98,28,13,M,52
244,14,35,40,66,3,M,33
244,13,20,55,71,60,M,50
244,86,17,69,73,8,M,44
245,69,75,88,95,11,M,62
245,31,93,22,19,58,M,46
245,31,53,65,56,42,M,52
245,88,32,61,89,48,M,62
245,4,40,30,18,82,M,40
245,7,90,60,9,11,M,31
245,92,28,42,19,34,M,39
245,64,100,47,44,6,M,43
245,55,6,44,90,59,M,56
245,1,59,94,3,56,M,48
246,88,40,98,82,27,M,63
246,26,31,55,47,7,M,35
246,90,7,32,28,80,M,46
246,23,42,4,97,28,M,44
246,37,29,1,23,68,M,36
246,43,56,51,12,23,M,32
246,70,51,13,53,64,M,49
246,47,10,78,90,86,M,72
246,98,91,99,12,21,M,55
246,36,78,58,3,38,M,41
247,96,72,22,82,53,M,60
247,80,6,72,70,42,M,53
247,6,21,73,29,46,M,41
247,9,7,3,18,17,M,12
247,56,53,74,33,86,M,62
247,53,50,17,60,46,M,44
247,17,22,2,39,39,M,28
247,100,59,10,38,89,M,60
247,23,33,78,70,88,M,68
247,98,1,81,41,80,M,60
248,64,6,86,42,18,M,40
248,16,100,98,74,45,M,69
248,18,14,21,56,21,M,27
248,28,80,22,71,20,M,42
248,16,100,48,43,77,M,61
248,25,33,40,80,88,M,61
248,55,43,16,52,71,M,50
248,52,71,3,71,21,M,41
248,51,14,77,76,81,M,65
248,81,28,55,61,42,M,52
249,96,82,53,90,76,M,79
249,29,51,73,1,36,M,37
249,55,68,44,60,76,M,64
249,22,72,71,26,73,M,57
249,44,32,3,64,8,M,28
249,88,12,12,78,75,M,54
249,47,95,28,13,22,M,36
249,9,78,49,36,48,M,48
249,80,95,75,97,90,M,89
249,1,96,86,11,86,M,63
250,45,83,24,84,30,M,53
250,33,61,64,29,87,M,60
250,23,5,99,40,84,M,57
250,94,38,79,61,37,M,60
250,18,62,29,41,9,M,31
250,12,90,43,76,39,M,52
250,12,81,65,27,100,M,63
250,19,13,90,22,7,M,30
250,37,25,1,19,47,M,25
250,80,100,63,75,5,M,57
251,100,91,79,26,21,D,50
251,61,86,100,66,65,D,77
251,7,85,83,13,66,D,46
251,43,82,64,4,35,D,39
251,90,23,83,89,59,D,67
251,27,23,37,18,83,D,35
251,60,39,87,53,77,D,63
251,25,29,76,28,16,D,33
251,64,13,96,43,63,D,55
251,43,75,48,16,22,D,34
252,74,68,69,52,76,D,63
252,41,89,88,11,69,D,56
252,69,59,72,36,55,D,51
252,72,15,41,36,79,D,50
252,40,43,44,41,24,D,29
252,28,55,63,18,59,D,45
252,36,33,54,48,62,D,44
252,66,60,19,19,49,D,32
252,6,8,32,11,19,D,14
252,27,9,1,98,95,D,50
253,62,46,1,93,37,D,42
253,57,79,12,10,77,D,38
253,67,11,63,83,97,D,65
253,67,3,15,46,85,D,42
253,40,50,2,55,23,D,25
253,94,48,8,47,72,D,53
253,14,30,44,23,42,D,30
253,51,11,72,36,7,D,25
253,39,83,59,71,51,D,61
253,69,12,86,58,51,D,49
254,34,98,22,98,14,D,47
254,77,14,16,50,69,D,41
254,90,45,67,21,72,D,54
254,16,79,85,32,55,D,51
254,1,49,68,23,9,D,31
254,96,100,30,76,42,D,55
254,32,73,80,69,66,D,67
254,27,78,36,11,31,D,28
254,39,68,66,9,100,D,59
254,85,47,100,97,9,D,63
255,52,14,84,43,58,D,54
255,79,38,14,82,70,D,60
255,33,98,35,51,85,D,63
255,25,13,45,31,21,D,21
255,5,7,31,90,18,D,37
255,43,78,78,3,71,D,51
255,96,12,50,30,63,D,41
255,71,43,59,8,48,D,34
255,44,34,46,58,27,D,38
255,87,1,30,84,90,D,60
256,73,60,46,69,32,D,54
256,91,52,28,31,44,D,37
256,72,95,81,6,72,D,56
256,58,76,67,95,61,D,74
256,56,29,84,86,6,D,51
256,71,74,53,87,87,D,71
256,24,78,17,91,46,D,50
256,53,62,41,95,18,D,45
256,66,25,79,68,20,D,43
256,100,14,8,65,38,D,37
257,72,48,4,68,44,D,38
257,1,26,43,64,36,D,37
257,98,31,64,55,75,D,62
257,88,10,51,8,3,D,23
257,68,73,94,81,63,D,70
257,55,50,5,39,69,D,43
257,40,96,41,2,56,D,41
257,23,65,22,29,7,D,23
257,59,85,99,69,71,D,79
257,80,83,46,39,56,D,56
258,45,16,1,37,95,D,39
258,64,41,94,20,91,D,64
258,10,54,32,79,30,D,41
258,50,8,45,3,58,D,26
258,72,72,29,39,35,D,43
258,99,11,14,46,99,D,51
258,4,16,70,100,51,D,54
258,91,76,71,98,55,D,72
258,22,6,42,43,94,D,48
258,1,10,25,54,80,D,45
259,67,9,8,3,76,D,27
259,98,25,56,54,84,D,62
259,17,34,11,77,57,D,38
259,73,7,29,16,69,D,32
259,2,34,35,16,57,D,35
259,36,34,8,56,54,D,33
259,30,32,15,88,19,D,37
259,15,22,94,26,32,D,39
259,56,90,89,97,98,D,92
259,41,82,91,67,12,D,47
260,1,46,85,93,12,D,44
260,64,45,52,66,45,D,53
260,64,33,53,90,55,D,54
260,17,61,86,3,46,D,44
260,74,65,83,63,40,D,62
260,52,30,31,11,46,D,33
260,70,71,66,59,29,D,50
260,10,80,91,14,63,D,46
260,91,84,52,16,22,D,39
260,6,83,38,28,16,D,33
261,7,33,79,74,79,D,60
261,53,54,50,53,87,D,57
261,86,49,56,62,2,D,37
261,41,5,67,85,86,D,61
261,47,35,2,71,61,D,42
261,60,74,7,39,59,D,45
261,4,6,94,57,68,D,49
261,59,34,81,43,19,D,39
261,36,28,10,91,27,D,41
261,88,9,14,29,30,D,27
262,32,9,75,8,60,D,39
262,18,18,94,21,80,D,52
262,94,48,2,28,75,D,42
262,49,48,92,97,97,D,77
262,23,35,88,84,32,D,53
262,14,85,17,96,4,D,39
262,56,28,18,24,47,D,28
262,75,33,12,19,53,D,37
262,88,36,42,40,36,D,43
262,62,46,63,74,3,D,44
263,51,11,12,100,25,D,39
263,52,36,12,7,83,D,38
263,93,58,32,8,53,D,34
263,31,55,43,20,48,D,37
263,66,54,92,14,35,D,44
263,9,54,27,27,24,D,28
263,99,50,74,67,14,D,47
263,44,37,5,48,99,D,46
263,98,61,48,22,87,D,57
263,10,48,47,69,23,D,42
264,17,71,1,62,34,D,33
264,86,93,3,54,2,D,35
264,58,92,61,20,65,D,50
264,100,81,86,21,8,D,44
264,23,99,85,2,71,D,56
264,50,16,16,61,49,D,38
264,35,20,97,42,98,D,58
264,57,79,99,13,37,D,47
264,59,30,35,36,29,D,32
264,38,2,9,31,37,D,26
265,77,70,58,45,30,D,43
265,30,29,28,25,21,D,27
265,13,40,75,64,67,D,56
265,30,56,28,23,41,D,37
265,3,11,45,7,48,D,21
265,80,23,98,29,26,D,41
265,40,36,2,70,92,D,50
265,95,18,93,48,45,D,57
265,80,24,36,71,14,D,43
265,58,6,37,3,83,D,41
266,6,54,45,27,77,D,46
266,87,61,88,28,90,D,71
266,31,9,98,86,91,D,72
266,11,28,9,94,49,D,44
266,8,17,28,25,53,D,25
266,13,31,29,94,66,D,48
266,28,11,66,26,71,D,43
266,90,78,18,83,29,D,53
266,24,78,4,92,13,D,38
266,70,97,86,50,28,D,58
267,86,83,55,83,91,D,79
267,74,79,25,41,73,D,50
267,97,33,9,85,22,D,44
267,39,6,56,96,96,D,66
267,7,67,83,9,1,D,23
267,91,91,26,84,55,D,63
267,70,64,85,58,2,D,50
267,24,79,37,35,97,D,60
267,7,79,52,77,80,D,62
267,91,82,87,45,78,D,69
268,84,71,100,29,69,D,62
268,25,94,95,25,9,D,45
268,73,94,12,90,91,D,74
268,80,53,54,9,81,D,52
268,29,91,58,52,78,D,65
268,26,79,1,17,97,D,49
268,38,98,26,86,36,D,57
268,4,38,28,22,92,D,38
268,92,26,20,68,60,D,49
268,56,98,55,51,40,D,50
269,74,16,61,42,54,D,50
269,54,25,16,12,65,D,36
269,31,47,17,36,62,D,40
269,68,1,95,57,60,D,56
269,66,5,71,76,12,D,46
269,20,83,37,93,67,D,63
269,33,48,40,83,21,D,46
269,42,20,40,29,60,D,40
269,39,14,46,97,25,D,47
269,59,86,42,81,69,D,66
270,31,56,8,31,10,D,19
270,7,22,9,53,99,D,44
270,84,73,45,29,47,D,47
270,16,84,92,7,76,D,56
270,86,21,14,87,43,D,47
270,72,83,92,36,5,D,50
270,56,83,55,95,33,D,63
270,58,5,88,13,65,D,45
270,39,14,52,39,56,D,43
270,24,68,52,95,96,D,74
271,87,86,27,67,32,D,48
271,98,74,80,96,30,D,70
271,9,41,91,87,15,D,51
271,51,32,41,48,94,D,55
271,39,48,95,20,8,D,33
271,7,18,73,80,71,D,52
271,14,42,61,51,68,D,48
271,75,44,32,40,85,D,56
271,96,16,49,19,22,D,32
271,41,80,11,86,8,D,41
272,79,33,71,5,82,D,49
272,10,38,33,44,74,D,47
272,71,78,34,12,58,D,42
272,65,18,2,63,55,D,43
272,75,48,98,64,24,D,59
272,93,62,32,36,59,D,52
272,65,71,3,21,60,D,41
272,53,57,63,27,80,D,54
272,59,3,13,50,75,D,45
272,81,96,73,83,46,D,66
273,83,43,36,78,80,D,64
273,43,4,51,61,55,D,39
273,85,74,46,3,53,D,43
273,84,22,92,66,51,D,54
273,62,93,78,34,30,D,54
273,57,35,10,31,93,D,41
273,91,81,8,66,73,D,62
273,37,79,36,73,30,D,52
273,57,13,25,36,83,D,41
273,1,89,11,61,47,D,38
274,39,88,1,30,84,D,47
274,36,52,42,51,84,D,59
274,29,29,3,11,29,D,14
274,25,44,50,13,81,D,47
274,8,92,8,61,9,D,27
274,24,7,47,54,12,D,30
274,57,87,98,79,45,D,67
274,44,21,28,35,55,D,35
274,2,87,86,14,86,D,57
274,94,35,71,46,48,D,48
275,52,70,88,80,33,D,64
275,69,91,29,28,15,D,31
275,12,80,95,2,54,D,41
275,82,50,48,54,60,D,58
275,30,13,98,30,57,D,49
275,33,21,66,51,50,D,43
275,28,63,40,16,41,D,37
275,56,30,11,60,36,D,36
275,85,11,20,46,56,D,35
275,80,67,33,99,74,D,68
276,32,29,47,12,76,D,37
276,7,45,76,45,40,D,43
276,78,13,3,18,100,D,37
276,78,22,92,95,29,D,61
276,24,16,12,57,60,D,38
276,82,28,48,85,85,D,66
276,7,76,56,62,61,D,51
276,92,85,67,59,50,D,64
276,13,32,74,52,55,D,46
276,17,35,37,48,29,D,32
277,86,77,89,71,5,D,59
277,84,87,92,30,61,D,66
277,13,91,19,99,41,D,50
277,68,32,78,100,58,D,66
277,91,32,100,30,3,D,41
277,46,59,40,78,14,D,37
277,47,14,84,64,72,D,61
277,26,59,30,97,96,D,63
277,11,21,85,92,11,D,43
277,11,19,7,9,46,D,14
278,46,38,46,78,75,D,56
278,54,50,60,58,60,D,57
278,73,18,28,87,69,D,51
278,83,10,69,12,28,D,33
278,33,62,73,100,14,D,54
278,37,51,43,68,37,D,42
278,32,62,10,14,91,D,46
278,49,85,21,81,99,D,68
278,87,20,53,74,2,D,43
278,16,50,21,85,78,D,56
279,50,6,21,3,30,D,17
279,66,48,71,1,43,D,41
279,24,9,68,45,11,D,28
279,7,68,30,68,37,D,39
279,1,35,45,100,87,D,58
279,67,69,14,52,59,D,49
279,1,66,44,52,27,D,33
279,50,36,87,76,21,D,47
279,59,72,68,81,64,D,64
279,22,31,96,48,35,D,44
280,56,74,37,5,61,D,43
280,8,90,17,40,5,D,25
280,93,12,86,43,82,D,65
280,43,56,55,88,13,D,43
280,38,33,14,83,93,D,54
280,48,91,40,5,74,D,51
280,88,72,43,26,21,D,33
280,29,90,69,13,49,D,44
280,63,29,14,78,97,D,55
280,84,83,76,15,99,D,71
281,30,51,56,56,74,D,56
281,58,25,15,91,95,D,65
281,3,71,36,15,22,D,25
281,99,33,26,12,2,D,17
281,56,45,41,25,36,D,34
281,20,22,71,36,45,D,41
281,36,69,35,71,66,D,58
281,29,39,12,33,25,D,26
281,61,84,72,81,19,D,53
281,82,7,44,59,6,D,29
282,4,43,30,67,57,D,48
282,29,30,99,18,9,D,35
282,69,32,86,53,100,D,69
282,4,78,97,94,78,D,74
282,100,41,14,88,41,D,55
282,97,81,25,55,99,D,70
282,14,52,50,11,65,D,35
282,17,8,9,17,58,D,22
282,77,93,3,13,94,D,53
282,55,35,6,64,16,D,30
283,8,36,24,84,92,D,61
283,45,9,68,30,1,D,21
283,100,5,53,84,77,D,66
283,57,79,92,60,16,D,53
283,59,69,29,16,41,D,38
283,95,100,27,24,58,D,49
283,99,54,94,66,6,D,54
283,49,10,19,5,61,D,27
283,65,33,87,43,1,D,37
283,53,7,2,62,52,D,37
284,18,4,11,22,42,D,16
284,7,76,11,41,22,D,28
284,29,39,88,68,66,D,60
284,67,71,73,89,28,D,61
284,61,74,9,38,90,D,50
284,27,61,68,52,67,D,53
284,16,34,54,97,100,D,65
284,13,97,84,94,55,D,72
284,45,8,13,34,45,D,30
284,37,62,46,65,16,D,39
285,57,92,20,59,40,D,49
285,12,2,38,87,78,D,47
285,6,18,57,61,6,D,27
285,93,1,73,69,94,D,70
285,17,41,88,47,51,D,49
285,22,31,92,81,16,D,43
285,61,21,64,80,99,D,66
285,97,18,24,81,15,D,43
285,69,63,100,10,20,D,45
285,81,79,73,58,24,D,56
286,19,29,3,44,67,D,32
286,41,84,71,81,81,D,73
286,6,61,25,62,92,D,56
286,71,31,83,53,40,D,46
286,16,69,76,92,34,D,54
286,28,83,45,90,37,D,56
286,78,59,10,100,95,D,69
286,20,85,30,88,23,D,47
286,68,42,97,63,98,D,73
286,49,82,14,55,99,D,57
287,81,13,47,81,54,D,58
287,83,85,22,32,24,D,34
287,75,59,53,86,93,D,70
287,81,39,3,47,17,D,30
287,70,10,58,70,79,D,59
287,92,19,6,27,38,D,33
287,78,46,43,18,13,D,31
287,27,12,69,90,93,D,67
287,26,95,51,59,96,D,70
287,96,31,49,12,81,D,49
288,40,44,63,25,57,D,40
288,47,81,17,85,76,D,63
288,95,8,28,82,53,D,52
288,70,63,45,60,26,D,50
288,77,95,34,42,39,D,43
288,33,39,15,12,12,D,17
288,64,14,79,30,64,D,51
288,84,17,49,46,49,D,42
288,27,19,39,10,95,D,41
288,5,56,80,57,26,D,44
289,43,62,98,77,99,D,80
289,9,16,82,90,78,D,64
289,6,18,31,2,27,D,15
289,10,100,7,38,85,D,45
289,48,72,70,80,64,D,64
289,91,63,99,63,87,D,73
289,1,29,18,12,64,D,28
289,65,54,45,44,22,D,38
289,18,92,49,87,86,D,65
289,74,31,49,38,81,D,50
290,84,74,100,42,94,D,80
290,35,11,25,31,32,D,22
290,92,79,3,9,27,D,32
290,16,11,100,34,37,D,42
290,81,39,13,29,69,D,42
290,22,12,86,10,22,D,23
290,78,48,6,47,1,D,24
290,89,27,92,80,29,D,56
290,92,7,53,30,50,D,43
290,70,69,57,20,17,D,40
291,62,17,41,35,39,D,31
291,27,68,2,33,37,D,26
291,25,80,76,79,32,D,54
291,97,19,80,62,99,D,76
291,21,10,56,77,55,D,45
291,58,34,50,50,60,D,47
291,69,43,68,78,80,D,69
291,26,42,43,89,90,D,65
291,35,7,53,85,98,D,64
291,40,99,60,70,64,D,65
292,59,85,36,73,35,D,54
292,77,95,38,39,52,D,52
292,16,34,69,71,36,D,50
292,10,44,88,64,82,D,61
292,73,87,31,70,14,D,44
292,37,59,55,39,32,D,44
292,32,81,13,17,64,D,34
292,35,73,72,99,25,D,60
292,36,6,58,65,76,D,57
292,56,68,70,46,64,D,60
293,19,87,2,70,53,D,46
293,100,85,48,89,89,D,81
293,11,44,37,4,29,D,21
293,54,5,33,25,93,D,48
293,88,58,54,9,45,D,37
293,74,34,38,68,17,D,39
293,36,37,32,9,76,D,38
293,58,75,72,1,13,D,33
293,68,28,94,16,48,D,45
293,34,8,38,99,18,D,44
294,55,38,73,17,50,D,44
294,30,92,2,82,11,D,40
294,96,91,23,53,81,D,63
294,85,77,39,66,9,D,49
294,92,58,43,19,31,D,41
294,77,43,99,93,77,D,82
294,30,92,97,67,25,D,61
294,81,44,33,80,80,D,59
294,90,98,89,36,4,D,51
294,33,30,28,89,35,D,39
295,53,98,46,59,14,D,44
295,41,94,22,65,29,D,44
295,7,49,5,5,16,D,12
295,6,16,2,86,77,D,44
295,70,41,69,65,62,D,54
295,83,83,92,16,73,D,65
295,46,41,17,79,80,D,55
295,71,68,99,26,64,D,59
295,43,61,71,32,100,D,65
295,68,11,15,51,42,D,30
296,49,18,6,93,5,D,33
296,65,34,49,33,72,D,48
296,29,93,100,18,62,D,60
296,55,90,93,12,13,D,41
296,58,28,68,52,51,D,45
296,71,43,92,16,38,D,42
296,84,90,43,77,61,D,62
296,58,58,77,69,90,D,73
296,91,85,56,74,61,D,64
296,88,14,2,74,48,D,40
297,37,49,78,20,88,D,51
297,4,5,70,71,51,D,45
297,9,30,48,60,38,D,37
297,18,46,4,64,52,D,41
297,39,82,26,68,37,D,44
297,39,99,66,98,56,D,65
297,77,66,73,81,37,D,60
297,10,24,17,1,18,D,10
297,75,89,17,8,63,D,38
297,40,82,82,30,71,D,56
298,55,95,99,30,16,D,54
298,40,29,50,8,39,D,26
298,38,95,35,83,3,D,41
298,25,61,21,38,90,D,47
298,31,53,89,5,82,D,52
298,26,74,74,90,72,D,73
298,1,42,30,93,20,D,34
298,9,34,44,17,55,D,35
298,26,97,89,48,77,D,67
298,36,43,82,32,95,D,59
299,4,22,40,4,61,D,31
299,65,21,96,88,89,D,72
299,63,13,12,1,44,D,21
299,15,76,73,34,16,D,41
299,58,90,63,60,25,D,56
299,78,2,71,4,14,D,28
299,98,11,4,14,91,D,45
299,73,7,27,26,73,D,39
299,26,54,23,32,41,D,35
299,34,19,31,68,13,D,32
300,55,84,38,1,6,D,26
300,57,27,89,32,95,D,58
300,6,8,62,18,30,D,29
300,72,20,2,80,2,D,26
300,5,75,88,28,35,D,44
300,15,20,90,24,49,D,41
300,100,30,80,66,90,D,72
300,34,51,81,19,67,D,48
300,33,40,90,1,90,D,52
300,43,69,44,6,39,D,30